sample_id,video_id,original_url,description,video_url,tags,total_comments,sample_comment_username,sample_comment_nickname,sample_comment_text,sample_comment_date,sample_comment_likes,sample_comment_replies
1,7445983882614230294,https://www.tiktok.com/@lancome.official/video/7445983882614230294,,https://m.tiktok.com/v/7445983882614230294.html?_d=0&comment_author_id=6795075830776808454&preview_pb=0&share_comment_id=7447569326231405358&share_item_id=7445983882614230294&sharer_language=en&source=h5_m&u_code=0,,50,croncali1993,Christine Roncali,lancome is my go to for the very best skin imaginable,2024-12-12T17:53:07,0,0
2,7446758706051583254,https://www.tiktok.com/@lancome.official/video/7446758706051583254,The LancÃ´me art of gifting in action â­ï¸ #Lancome #Holiday #Christmastok #HolidayShopping #Shopping #...,https://m.tiktok.com/v/7446758706051583254.html?_d=0&comment_author_id=7358512444258386949&preview_pb=0&share_comment_id=7447097190725993221&share_item_id=7446758706051583254&sharer_language=en&source=h5_m&u_code=0,#Lancome|#Holiday|#Christmastok|#HolidayShopping|#Shopping|#Christmaswishlist|#Christmashaul|#Haul|#Skincare|#Makeup|#Beauty|#Gift|#Satisfying|#Asmr,46,llife.w.lola,LolağŸª©ğŸ†,ğŸ¤©ğŸ¤©,2024-12-11T11:20:58,0,0
3,7447186726054792470,https://www.tiktok.com/@lancome.official/video/7447186726054792470,DIAMOND SNOW on @DANIELLE â„ï¸ğŸ’ Let's get messy. Illuminate your eyes with the limited edition Celesti...,https://m.tiktok.com/v/7447186726054792470.html?_d=0&comment_author_id=6772236260473291782&preview_pb=0&share_comment_id=7447289375446565663&share_item_id=7447186726054792470&sharer_language=en&source=h5_m&u_code=0,#MESSWITHLANCOME|#Lancome|#DanielleMarcan|#TimeToGetMessy|#Makeup|#Makeuptok|#Beauty|#BeautyTok|#DiamondSnow|#HolidayLook|#HolidayMakeup|#Christmastok|#Christmaswishlist|#Holiday|#CelestialRosePalette,49,angelabell98,Angela,PLEASE BRING BACK GRANDIOSE EXTREME MASCARA!! I havenâ€™t been the same since,2024-12-11T23:46:32,0,1
4,7447475021439618326,https://www.tiktok.com/@lancome.official/video/7447475021439618326,Yours looks better. Switch?ğŸ¤—ğŸ’— ğŸ“CafÃ© de la Rose LancÃ´me #Lancome #Cafedelarose #Paris #Cake #Sweet #B...,https://m.tiktok.com/v/7447475021439618326.html?_d=0&comment_author_id=6652764297023963142&preview_pb=0&share_comment_id=7447497733261230880&share_item_id=7447475021439618326&sharer_language=en&source=h5_m&u_code=0,#Lancome|#Cafedelarose|#Paris|#Cake|#Sweet|#BeautyTok|#Coffee|#Coffeetok|#Pink|#Rose|#Yummy|#Food|#Girlhood|#Relatable,23,naomisnews,Naomi Sanders ğŸ´ó §ó ¢ó ·ó ¬ó ³ó ¿,"Itâ€™s been a long time since I had a LancÃ´me gloss (they literally got me through school), I might need to treat myself soon",2024-12-12T13:15:22,0,1
5,7447959371885120790,https://www.tiktok.com/@lancome.official/video/7447959371885120790,The trendy accessory of the moment is right here! ğŸ—ï¸ #Lancome #Juicy #JuicyTubes #BeautyTok #Makeupt...,https://m.tiktok.com/v/7447959371885120790.html?_d=0&comment_author_id=6707433102833468422&preview_pb=0&share_comment_id=7448200137581282090&share_item_id=7447959371885120790&sharer_language=en&source=h5_m&u_code=0,#Lancome|#Juicy|#JuicyTubes|#BeautyTok|#Makeuptok|#Lipsticktok|#Gloss|#Lipstick|#wishlist|#Satisfying|#Lipgloss|#holidayshopping,34,its.dokkaebi,ğ’…ğ’ğ’Œğ’Œğ’‚ğ’†ğ’ƒğ’Š âœ¦,omg maybe I should make custom charms for mine,2024-12-14T10:42:29,0,1
6,7448206709941701910,https://www.tiktok.com/@lancome.official/video/7448206709941701910,"ITâ€™S HEREâœ¨ Meet the limited-edition Celestial Rose holiday palette, created by @Lisa Eldridge, worn ...",https://m.tiktok.com/v/7448206709941701910.html?_d=0&comment_author_id=7288080323589014571&preview_pb=0&share_comment_id=7456939117772768042&share_item_id=7448206709941701910&sharer_language=en&source=h5_m&u_code=0,#NicoParker.|#Lancome|#LisaEldridge|#Makeup|#Makeuptok|#HolidayMakeup|#HolidayPalette|#EyeLook|#Beauty|#Makeuptok|#BeautyTok|#Eyeshadow|#Glow|#GlowingMakeup|#Christmastok|#Christmaswishlist|#ChristmasMakeup,13,lowkey.zzzz,lowkey.zzzz,Okay so Iâ€™m obbessed ğŸ˜,2025-01-06T23:52:36,0,2
7,7448708800409914646,https://www.tiktok.com/@lancome.official/video/7448708800409914646,Which one? ğŸ¥° #Lancome #LipIdole #Lips #BeautyTok #Makeuptok #Lipsticktok #Gloss #Lipstick #wishlist ...,https://m.tiktok.com/v/7448708800409914646.html?_d=0&comment_author_id=7328525850574570528&preview_pb=0&share_comment_id=7448709535374852896&share_item_id=7448708800409914646&sharer_language=en&source=h5_m&u_code=0,#Lancome|#LipIdole|#Lips|#BeautyTok|#Makeuptok|#Lipsticktok|#Gloss|#Lipstick|#wishlist|#Satisfying|#Swatch|#Justagirl,20,nonchalnetgirl,M.O,First,2024-12-15T19:37:43,0,1
8,7449029221533502742,https://www.tiktok.com/@lancome.official/video/7449029221533502742,Minimalist Gen Z shooting underwayâœ¨ #Lancome #BeautyTok #Makeuptok #Lipsticktok #Light #GenZ #Takeap...,https://m.tiktok.com/v/7449029221533502742.html?_d=0&comment_author_id=83336646439346176&preview_pb=0&share_comment_id=7449031109126783777&share_item_id=7449029221533502742&sharer_language=en&source=h5_m&u_code=0,#Lancome|#BeautyTok|#Makeuptok|#Lipsticktok|#Light|#GenZ|#Takeaphoto|#MillenialsxGenz|#Instagramstories|#Lipstick|#wishlist|#Satisfying|#lowexposure,15,nia_gall,Nia Gallagher,Yes brightness down ğŸ‘ğŸ˜‚ğŸ˜­,2024-12-16T16:25:32,0,0
9,7449344080779185430,https://www.tiktok.com/@lancome.official/video/7449344080779185430,Swipe on our new Lâ€™Absolu Rouge Drama Matte lipstick. Are you team red or pink? ğŸ’„ @Olivia Rodrigo  #...,https://m.tiktok.com/v/7449344080779185430.html?_d=0&comment_author_id=7403323288175412256&preview_pb=0&share_comment_id=7449382927148909344&share_item_id=7449344080779185430&sharer_language=en&source=h5_m&u_code=0,#Lancome|#OliviaxLancome|#OliviaRodrigo|#LAbsoluRougeDramaMatte|#Lipstick|#Makeup|#lipsticktok|#beautytiktok|#makeuplook|#Lips|#Lipslook|#Red|#Pink,83,ainnixxta,Ainhoa,Olivia Rodrigo item=me here to buy 5 of them,2024-12-17T15:10:50,0,1
10,7449696958588964118,https://www.tiktok.com/@lancome.official/video/7449696958588964118,We just want to get her back!âœ¨ @Olivia Rodrigo  #Lancome #OliviaxLancome #OliviaRodrigo #LAbsoluRoug...,https://m.tiktok.com/v/7449696958588964118.html?_d=0&comment_author_id=6980459465104049158&preview_pb=0&share_comment_id=7449746557916676866&share_item_id=7449696958588964118&sharer_language=en&source=h5_m&u_code=0,#Lancome|#OliviaxLancome|#OliviaRodrigo|#LAbsoluRougeDramaMatte|#Lipstick|#Makeup|#lipsticktok|#beautytiktok|#makeuplook|#Lips|#Lipslook|#Red|#Pink,1354,soph_berry808,Sophia,guys I think she tried every lipstick In every colour,2024-12-18T14:41:52,0,10
11,7450064424888503574,https://www.tiktok.com/@lancome.official/video/7450064424888503574,Weâ€™re officially hypnotized â¤ï¸ #Lancome #ASMR #Texture #3DArt #Artistic #Makeup #Beauty #Beautytikto...,https://m.tiktok.com/v/7450064424888503574.html?_d=0&comment_author_id=7347390857471525893&preview_pb=0&share_comment_id=7450065813057274630&share_item_id=7450064424888503574&sharer_language=en&source=h5_m&u_code=0,#Lancome|#ASMR|#Texture|#3DArt|#Artistic|#Makeup|#Beauty|#Beautytiktok,22,primerashabs,Primeraaaa,"okay guys , this is marketing",2024-12-19T11:20:54,0,0
12,7450494025422933270,https://www.tiktok.com/@lancome.official/video/7450494025422933270,The texture: dramatically matte.â€¨The product: Lâ€™Absolu Rouge Drama Matte. #Lancome #LAbsoluRougeDram...,https://m.tiktok.com/v/7450494025422933270.html?_d=0&comment_author_id=7419770742470034465&preview_pb=0&share_comment_id=7479852935561528086&share_item_id=7450494025422933270&sharer_language=en&source=h5_m&u_code=0,#Lancome|#LAbsoluRougeDramaMatte|#MatteLipstick|#Lipstick|#ASMR|#Texture|#3DArt|#Artistic|#Makeup|#Beauty|#Beautytiktok,31,xxx._.daisy._xxx,xxx._.daisy._xxx,Commenting to stay on sample tokğŸ™ğŸ’“,2025-03-09T16:49:47,0,0
13,7450803288414407958,https://www.tiktok.com/@lancome.official/video/7450803288414407958,"Itâ€™s not just a lipstick, itâ€™s everythingâœ¨ #Lancome #LAbsoluRougeDramaMatte #MatteLipstick #Lipstick...",https://m.tiktok.com/v/7450803288414407958.html?_d=0&comment_author_id=6761812809862628357&preview_pb=0&share_comment_id=7483643471920775958&share_item_id=7450803288414407958&sharer_language=en&source=h5_m&u_code=0,#Lancome|#LAbsoluRougeDramaMatte|#MatteLipstick|#Lipstick|#ASMR|#Texture|#Artistic|#Makeup|#Beauty|#Beautytiktok|#Holiday24|#Christmastok|#Christmaswishlist|#ChristmasMakeup,23,katrinacooper462,katrinacooper462,Looks nice,2025-03-19T21:58:57,0,0
14,7450897649214983446,https://www.tiktok.com/@lancome.official/video/7450897649214983446,The Christmas lip combo you didnâ€™t know you neededâ¤ï¸ #Lancome #Lipcombo #AbsoluRougeDramaMatte #Shee...,https://m.tiktok.com/v/7450897649214983446.html?_d=0&comment_author_id=6891853252527457286&preview_pb=0&share_comment_id=7456610262365897490&share_item_id=7450897649214983446&sharer_language=en&source=h5_m&u_code=0,#Lancome|#Lipcombo|#AbsoluRougeDramaMatte|#SheerGloss|#Gloss|#LipGloss|#Holiday24|#Makeup|#Beauty|#Makeuptok|#BeautyTok|#Christmastok|#Christmaswishlist|#ChristmasMakeup,18,spicy.pisces.liv,ğ™Šğ™¡ğ™ğ™«ğ™ğ™–ğ™¡ğ™ªğ™«ğ™«_ğ™§,i need this i love this!!,2025-01-06T02:36:18,0,0
15,7451175045730225430,https://www.tiktok.com/@lancome.official/video/7451175045730225430,Ready to shine this holiday season?âœ¨ #Lancome #EyeLook #Paletteunboxing #CelestialRosePalette #Holid...,https://m.tiktok.com/v/7451175045730225430.html?_d=0&comment_author_id=7437223095700849720&preview_pb=0&share_comment_id=7452833091146318597&share_item_id=7451175045730225430&sharer_language=en&source=h5_m&u_code=0,#Lancome|#EyeLook|#Paletteunboxing|#CelestialRosePalette|#Holiday24|#Makeup|#Beauty|#Makeuptok|#BeautyTok|#Christmastok|#Christmaswishlist|#ChristmasMakeup,21,oliviarodrigofanacount,LivieğŸ’œ(spilledğŸª©),SO COOLğŸ¤©ğŸ˜Œ,2024-12-26T22:19:03,0,0
16,7451269524973686038,https://www.tiktok.com/@lancome.official/video/7451269524973686038,BURNT ROSE on @DANIELLE ğŸŒ¹ Itâ€™s time to get messy. Light up the night in the Burnt Rose look featurin...,https://m.tiktok.com/v/7451269524973686038.html?_d=0&comment_author_id=7373992483959849991&preview_pb=0&share_comment_id=7453782678232695560&share_item_id=7451269524973686038&sharer_language=en&source=h5_m&u_code=0,#MESSWITHLANCOME|#Lancome|#DanielleMarcan|#TimeToGetMessy|#Makeup|#Makeuptok|#Beauty|#BeautyTok|#BurntRose|#HolidayLook|#HolidayMakeup|#CelestialRosePalette,17,cupstacking_4ever,cupstacking_4ever,omggg cuteeğŸ’œ,2024-12-29T11:43:48,0,0
17,7451643099509509398,https://www.tiktok.com/@lancome.official/video/7451643099509509398,Holiday lipstick sounds ğŸ”‰âœ¨   #Lancome #LAbsoluRougeDramaMatte #MatteLipstick #Lipstick #ASMR #Textur...,https://m.tiktok.com/v/7451643099509509398.html?_d=0&comment_author_id=6761887923090490373&preview_pb=0&share_comment_id=7451648928074695429&share_item_id=7451643099509509398&sharer_language=en&source=h5_m&u_code=0,#Lancome|#LAbsoluRougeDramaMatte|#MatteLipstick|#Lipstick|#ASMR|#Texture|#Artistic|#Makeup|#Beauty|#Beautytiktok|#Holiday24|#Christmastok|#Christmaswishlist|#ChristmasMakeup,49,mayrukix,mayrukix,Obsessed too,2024-12-23T17:44:01,0,0
18,7453401383883066646,https://www.tiktok.com/@lancome.official/video/7453401383883066646,Did you say dramatic night out look?ğŸ’„ Our electric @Olivia Rodrigo is wearing Lâ€™Absolu Rouge Drama M...,https://m.tiktok.com/v/7453401383883066646.html?_d=0&comment_author_id=6964774820693836801&preview_pb=0&share_comment_id=7453476633018663702&share_item_id=7453401383883066646&sharer_language=en&source=h5_m&u_code=0,#Lancome|#OliviaxLancome|#OliviaRodrigo|#Beauty|#Makeup|#Look|#Lips|#Fragrance|#BeautyTok|#MakeupTok|#Red|#Lipstick|#LipstickLook|#Red,258,lorealgroupe,lorealgroupe,obsessed is an understatement ğŸ˜,2024-12-28T15:56:14,0,2
19,7453773489040837910,https://www.tiktok.com/@lancome.official/video/7453773489040837910,So dramatic! Try our new Lâ€™Absolu Rouge Drama Matte lipstick shades with @Olivia Rodrigo ğŸ’— #Lancome ...,https://m.tiktok.com/v/7453773489040837910.html?_d=0&comment_author_id=7047567760444376069&preview_pb=0&share_comment_id=7453799823180006177&share_item_id=7453773489040837910&sharer_language=en&source=h5_m&u_code=0,#Lancome|#OliviaxLancome|#OliviaRodrigo|#LAbsoluRougeDramaMatte|#Lipstick|#Makeup|#lipsticktok|#beautytiktok|#makeuplook|#Lips|#Lipslook|#Red|#Pink,906,rocio_nsqponer,â³à¼»â€âœ¿â€à¼ºâ³,vienen con la modelo?? ğŸ¥°,2024-12-29T12:50:24,0,8
20,7454145700704701718,https://www.tiktok.com/@lancome.official/video/7454145700704701718,Ready to wear the drama? Go grab yours! @Olivia Rodrigo  #Lancome #OliviaxLancome #OliviaRodrigo #LA...,https://m.tiktok.com/v/7454145700704701718.html?_d=0&comment_author_id=6788487902416438278&preview_pb=0&share_comment_id=7454176731558806277&share_item_id=7454145700704701718&sharer_language=en&source=h5_m&u_code=0,#Lancome|#OliviaxLancome|#OliviaRodrigo|#LAbsoluRougeDramaMatte|#Lipstick|#Makeup|#lipsticktok|#beautytiktok|#makeuplook|#Lips|#Lipslook|#Red|#Pink,374,damnnnn.nn0,damnnnn.nn0,NEVER skipping an OLIVIA RODRIGO adğŸ’œ,2024-12-30T13:13:09,0,5
21,7454526184345341206,https://www.tiktok.com/@lancome.official/video/7454526184345341206,"With the new Lâ€™Absolu Rouge Drama Matte, every swipe is not just a color but a mood. âœ¨ #Lancome #Bea...",https://m.tiktok.com/v/7454526184345341206.html?_d=0&comment_author_id=6797440598255289349&preview_pb=0&share_comment_id=7454618499957228294&share_item_id=7454526184345341206&sharer_language=en&source=h5_m&u_code=0,#Lancome|#Beauty|#Makeup|#Look|#Lips|#BeautyTok|#MakeupTok|#Red|#Lipstick|#LipstickLook|#Matte,62,stressedoutbrowngirl,Ash,WHICH IS OLIVIAâ€™S FAVOURITE???,2024-12-31T17:47:15,0,1
22,7454893980493352214,https://www.tiktok.com/@lancome.official/video/7454893980493352214,Itâ€™s time to break the ice and ignite the power of the rose. Embrace a season of renewal and radianc...,https://m.tiktok.com/v/7454893980493352214.html?_d=0&comment_author_id=7351838998988506117&preview_pb=0&share_comment_id=7454894938485654277&share_item_id=7454893980493352214&sharer_language=en&source=h5_m&u_code=0,#Lancome|#LancomeNewYear|#LunarNewYear|#NewYear25|#LancomexNiNi|#NiNi|#Celebration|#Beauty|#Art,25,_bisera_,_bisera_,firstt ily LancÃ´me ğŸ«¶ğŸ’œâœ¨ï¸,2025-01-01T11:40:17,0,2
23,7455255240540048662,https://www.tiktok.com/@lancome.official/video/7455255240540048662,"Usher in the New Year with ""Paris Rose"", the exclusive gunpowder painting created for LancÃ´me by cAI...",https://m.tiktok.com/v/7455255240540048662.html?_d=0&comment_author_id=7440031238108660753&preview_pb=0&share_comment_id=7466696691795510034&share_item_id=7455255240540048662&sharer_language=en&source=h5_m&u_code=0,#Lancome|#LancomexCaiGuoQiang|#CaiGuoQiang|#LancomeNewYear|#NewYear25|#LancomexcAIâ„¢,20,mollstterr,ğŸ’™âš“ï¸ğŸ©µmolzâœ¨ğŸªğŸ©·,Whereâ€™s Liv??,2025-02-02T06:57:01,0,0
24,7455623893265517846,https://www.tiktok.com/@lancome.official/video/7455623893265517846,"Explore icons for the Spring, decorated with ""Paris Rose"", an exclusive gunpowder painting by cAIâ„¢, ...",https://m.tiktok.com/v/7455623893265517846.html?_d=0&comment_author_id=7275572702114317317&preview_pb=0&share_comment_id=7455625500766569234&share_item_id=7455623893265517846&sharer_language=en&source=h5_m&u_code=0,#Lancome|#LancomexCaiGuoQiang|#CaiGuoQiang|#LancomeNewYear|#NewYear25|#LancomexcAIâ„¢,29,tharvin260,tharvin,i wanted to see Olivia with this,2025-01-03T10:54:50,0,6
25,7456005941138410774,https://www.tiktok.com/@lancome.official/video/7456005941138410774,"Sleek, smooth, AND refillable design. Itâ€™s THE serum to include in your #skincareroutine. ğŸ¥° #Lancome...",https://m.tiktok.com/v/7456005941138410774.html?_d=0&comment_author_id=7078068489563817006&preview_pb=0&share_comment_id=7457335450245694251&share_item_id=7456005941138410774&sharer_language=en&source=h5_m&u_code=0,#skincareroutine.|#Lancome|#GenifiqueUltimate|#Serum|#Refill|#Skincare|#Skincaretiktok|#Skintok|#Beauty|#BeautyTok|#Satsfying,62,natalimedranor,natalimedranor,These products look amazing ğŸ¤­,2025-01-08T01:30:32,0,1
26,7456814323105647894,https://www.tiktok.com/@lancome.official/video/7456814323105647894,LancÃ´me is proud to support cherished Global Ambassador #IsabellaRossellini at the #GoldenGlobes cer...,https://m.tiktok.com/v/7456814323105647894.html?_d=0&comment_author_id=6899959014260917254&preview_pb=0&share_comment_id=7456852422063276830&share_item_id=7456814323105647894&sharer_language=en&source=h5_m&u_code=0,#IsabellaRossellini|#GoldenGlobes|#Lancome|#LancomexIsabella|#GoldenGlobes|#Skincare|#Makeup|#Makeuptok|#RedCarpet,49,popbrownskin_7,Pop Brownskin,Sheâ€™s so Beautiful â¤ï¸â¤ï¸,2025-01-06T18:16:11,0,1
27,7461999023231094038,https://www.tiktok.com/@lancome.official/video/7461999023231094038,"Breaking news! Soon in your bucket list ğŸ›ï¸ Coming soon, stay tuned.  #Lancome #Makeup #Essentials #M...",https://m.tiktok.com/v/7461999023231094038.html?_d=0&comment_author_id=105508406785875968&preview_pb=0&share_comment_id=7471365458902876950&share_item_id=7461999023231094038&sharer_language=en&source=h5_m&u_code=0,#Lancome|#Makeup|#Essentials|#MustHave|#MakeupEssentials|#Beauty|#BeautyTok|#Satisfying|#Mascara|#EyeLook,2684,xeniakassai,XÃ©nia,would love a sampleğŸ˜ğŸ¥°,2025-02-14T20:54:17,0,21
28,7462422760590019862,https://www.tiktok.com/@lancome.official/video/7462422760590019862,"Now that was a chaotic 12-hour shift... pfew, glad we're back! #Lancome #Makeup #Tiktokban #BanTikto...",https://m.tiktok.com/v/7462422760590019862.html?_d=0&comment_author_id=7266832193811973153&preview_pb=0&share_comment_id=7484376378469860118&share_item_id=7462422760590019862&sharer_language=en&source=h5_m&u_code=0,#Lancome|#Makeup|#Tiktokban|#BanTiktok|#MustHave|#MesswithLancome,8,amarachi.celestin,Amarachi Celestina,lovely ğŸ˜,2025-03-21T21:22:56,0,0
29,7462429486324190486,https://www.tiktok.com/@lancome.official/video/7462429486324190486,Because no one can replace your place in our hearts â¤ï¸ Â  #Lancome #Tiktokban #Bantiktok #Tiktok #Red...,https://m.tiktok.com/v/7462429486324190486.html?_d=0&comment_author_id=7405777295401829419&preview_pb=0&share_comment_id=7465758863883944735&share_item_id=7462429486324190486&sharer_language=en&source=h5_m&u_code=0,#Lancome|#Tiktokban|#Bantiktok|#Tiktok|#RedNote|#Genifique,15,mellereeharrison5,Melleree Harrison,Samples please ğŸ™ğŸ¾,2025-01-30T18:18:11,0,0
30,7462448648287309078,https://www.tiktok.com/@lancome.official/video/7462448648287309078,Genifique Ultimate: reduce visible signs of damage in 1 week*Â ğŸ˜‰ #Essential #TiktokBan Â  *Based on an...,https://m.tiktok.com/v/7462448648287309078.html?_d=0&comment_author_id=7437262991190230062&preview_pb=0&share_comment_id=7463260856144610091&share_item_id=7462448648287309078&sharer_language=en&source=h5_m&u_code=0,#Essential|#TiktokBan|#Lancome|#Genifique|#StepIntoTheFuture|#LancomeSkincare|#BanTiktok|#Serum,36,serina.mousy,ğŸ§ Ë¢áµ‰Ê³â±â¿áµƒï½¡âœ³,"i have that but it made my skin break out, is there something else that u could recommend for my sensitive skin?",2025-01-24T00:44:23,0,0
31,7462773668532260098,https://www.tiktok.com/@lancome.official/video/7462773668532260098,Steal @TingTingâ€™s repairing and protecting skincare duo: the new GÃ©nifique Ultimate serum and the UV...,https://m.tiktok.com/v/7462773668532260098.html?_d=0&comment_author_id=7376675948231853089&preview_pb=0&share_comment_id=7462791147948327702&share_item_id=7462773668532260098&sharer_language=en&source=h5_m&u_code=0,#Lancome|#GenifiqueUltimate|#Skincare|#BarrierRepair|#Skintok|#Skincaretiktok|#BeautyTok|#Beauty|#SkincareRoutine|#Satisfying|#Essentials|#GlassSkin|#Hydration,20,eclipwze.n5,alexis,SHES SO PRETTYY,2025-01-22T18:22:05,0,0
32,7463142745297734934,https://www.tiktok.com/@lancome.official/video/7463142745297734934,Confidence is everything. Embrace yours with the new fragrance IdÃ´le Power. @Olivia Rodrigo  #Lancom...,https://m.tiktok.com/v/7463142745297734934.html?_d=0&comment_author_id=7147331742574461994&preview_pb=0&share_comment_id=7463145223511835423&share_item_id=7463142745297734934&sharer_language=en&source=h5_m&u_code=0,#Lancome|#OliviaxLancome|#OliviaRodrigo|#LancomeIdole|#IdolePower|#Fragrance|#Beauty|#BeautyTok|#Fragrancetok|#MustHave,902,rayymondddd,raymond (taylorâ€™s version),this is the most beautiful commercial ive ever seen,2025-01-23T17:15:53,0,6
33,7463156908954766614,https://www.tiktok.com/@lancome.official/video/7463156908954766614,"Experience the pure allure of IdÃ´le Power. A blend of crisp and delicious Molecular Pomarose, the po...",https://m.tiktok.com/v/7463156908954766614.html?_d=0&comment_author_id=7289719173734482977&preview_pb=0&share_comment_id=7463157494551708448&share_item_id=7463156908954766614&sharer_language=en&source=h5_m&u_code=0,#Lancome|#LancomeIdole|#IdolePower|#Fragrance|#Beauty|#BeautyTok|#Fragrancetok|#WoodyFragrance|#WoodyScent|#MustHave,333,sabxjuno,Leela ğŸ«¶ğŸ»,Omg is that Olivia Rodrigo perfume,2025-01-23T18:03:10,0,10
34,7463173261052939542,https://www.tiktok.com/@lancome.official/video/7463173261052939542,Own your power like Olivia Rodrigo with IdÃ´le Power Eau de Parfum. @Olivia Rodrigo  #Lancome #Olivia...,https://m.tiktok.com/v/7463173261052939542.html?_d=0&comment_author_id=7338514240875693089&preview_pb=0&share_comment_id=7463210629881856801&share_item_id=7463173261052939542&sharer_language=en&source=h5_m&u_code=0,#Lancome|#OliviaxLancome|#OliviaRodrigo|#LancomeIdole|#IdolePower|#Fragrance|#Beauty|#BeautyTok|#Fragrancetok|#MustHave|#BTS|#BehindTheScenes,396,freddie14308,freddie14,It says mood in the background new album name ??????,2025-01-23T21:29:14,0,49
35,7463470259597593878,https://www.tiktok.com/@lancome.official/video/7463470259597593878,"Everyoneâ€™s already talking about the new LancÃ´me mascara, and you will be too!ğŸ¥° Coming soon. *This m...",https://m.tiktok.com/v/7463470259597593878.html?_d=0&comment_author_id=7204163013426037766&preview_pb=0&share_comment_id=7463559520096142101&share_item_id=7463470259597593878&sharer_language=en&source=h5_m&u_code=0,#Lancome|#Makeup|#Essentials|#MustHave|#MakeupEssentials|#Beauty|#BeautyTok|#Satisfying|#Mascara|#EyeLook,59,olduramadik,âœ¨,Duyguu ğŸ˜,2025-01-24T20:03:23,0,0
36,7463514440852393238,https://www.tiktok.com/@lancome.official/video/7463514440852393238,Looks like we have a contender for the best mascara of 2025.ğŸ¤­ Stay tuned for an exciting new launch!...,https://m.tiktok.com/v/7463514440852393238.html?_d=0&comment_author_id=6754770071531111429&preview_pb=0&share_comment_id=7463516010798514950&share_item_id=7463514440852393238&sharer_language=en&source=h5_m&u_code=0,#Lancome|#Makeup|#Essentials|#MustHave|#MakeupEssentials|#Beauty|#BeautyTok|#Satisfying|#Mascara|#EyeLook,54,tarasigari,TARA SIGARI | MAKEUP FASHION,INSANE ğŸ˜­â¤ï¸ME= ğŸ‘ï¸ğŸ‘ï¸,2025-01-24T17:14:31,0,2
37,7463791014726110486,https://www.tiktok.com/@lancome.official/video/7463791014726110486,@mwglie doesnâ€™t gatekeep the secret to her glass skin. It all starts with the repairing and hydratin...,https://m.tiktok.com/v/7463791014726110486.html?_d=0&comment_author_id=7087691104180012037&preview_pb=0&share_comment_id=7465510279758185222&share_item_id=7463791014726110486&sharer_language=en&source=h5_m&u_code=0,#Lancome|#GenifiqueUltimate|#Skincare|#BarrierRepair|#Skintok|#Skincaretiktok|#BeautyTok|#Beauty|#SkincareRoutine|#Satisfying|#Essentials|#GlassSkin|#Hydration,31,istrawu,User2030,Iâ€™m obsessed with this serum! Been using original formula since 2020..Iâ€™m applying on fresh face prior to putting foundation on..at higher price point but so worth it.. would love to try new editionğŸ¥º,2025-01-30T02:13:19,0,1
38,7463883425833831702,https://www.tiktok.com/@lancome.official/video/7463883425833831702,Weâ€™ll keep saying it: SPF is simply a MUST year-round! @Hristina chose the lightweight UV Expert Sup...,https://m.tiktok.com/v/7463883425833831702.html?_d=0&comment_author_id=6779356631785931781&preview_pb=0&share_comment_id=7464759140864082730&share_item_id=7463883425833831702&sharer_language=en&source=h5_m&u_code=0,#Lancome|#UVExpert|#Suprascreen|#Skincare|#Sunscreen|#SunCare|#Skintok|#Skincaretiktok|#BeautyTok|#Beauty|#SkincareRoutine|#Satisfying|#Essentials,35,firstnamelastname_1234,First Name Last Name,Great product,2025-01-28T01:38:24,0,0
39,7465650840603299094,https://www.tiktok.com/@lancome.official/video/7465650840603299094,POV: your makeup doesn't fit your bag anymore ğŸ¤­ #Lancome #Makeup #Essentials #MustHave #MakeupEssent...,https://m.tiktok.com/v/7465650840603299094.html?_d=0&comment_author_id=7360356289099138053&preview_pb=0&share_comment_id=7465663097450316552&share_item_id=7465650840603299094&sharer_language=en&source=h5_m&u_code=0,#Lancome|#Makeup|#Essentials|#MustHave|#MakeupEssentials|#Beauty|#BeautyTok|#Bag|#Fragrance|#Skincare,30,superrealsoda,superrealsoda,Idole Power x Olivia Rodrigo is a must buy ğŸ¥ºğŸ’•,2025-01-30T12:06:00,0,1
40,7466024651383131414,https://www.tiktok.com/@lancome.official/video/7466024651383131414,"From the emotions that guide you, to the happiness that defines you, itâ€™s time to take a Love Ride. ...",https://m.tiktok.com/v/7466024651383131414.html?_d=0&comment_author_id=7364882598298764293&preview_pb=0&share_comment_id=7466096419875783429&share_item_id=7466024651383131414&sharer_language=en&source=h5_m&u_code=0,"#ValentinesDay,|#Lancome|#Makeup|#LAbsoluRouge|#Essentials|#MustHave|#MakeupEssentials|#RedLip|#NudeLip|#MatteLipstick|#Beauty|#BeautyTok|#LimitedEdition|#LipstickCase",29,nurynnnn.mo,nuryn_mo,Early!!!,2025-01-31T16:07:34,0,0
41,7466148051317509398,https://www.tiktok.com/@lancome.official/video/7466148051317509398,Replying to @Abiâš¡beauty  Wait for it... you (and your lashes) wonâ€™t regret it!âœ¨ Coming soon. #Lancom...,https://m.tiktok.com/v/7466148051317509398.html?_d=0&comment_author_id=7144045031215711238&preview_pb=0&share_comment_id=7471684186564281110&share_item_id=7466148051317509398&sharer_language=en&source=h5_m&u_code=0,#Lancome|#Makeup|#Essentials|#MustHave|#MakeupEssentials|#Beauty|#BeautyTok|#Satisfying|#Mascara|#EyeLook,354,fergie8872,Fergie,Would love to sample? Iâ€™ll leave an honest review,2025-02-15T17:31:24,0,4
42,7466481132314332449,https://www.tiktok.com/@lancome.official/video/7466481132314332449,The wait is finally over. Get ready to meet the official pack of LancÃ´me's newest mascara. Take your...,https://m.tiktok.com/v/7466481132314332449.html?_d=0&comment_author_id=6846080408138138629&preview_pb=0&share_comment_id=7471427903607653142&share_item_id=7466481132314332449&sharer_language=en&source=h5_m&u_code=0,#Lancome|#Makeup|#Essentials|#MustHave|#MakeupEssentials|#Texture|#ASMR|#Beauty|#BeautyTok|#Satisfying|#Mascara|#EyeLook,373,amberreiddx,ğ€ğ¦ğ›ğğ« â€¢ ğŸ«¶ğŸ¼,CUTEE NOW GIVE ME A SAMPLE,2025-02-15T00:57:38,0,32
43,7466806974164864278,https://www.tiktok.com/@lancome.official/video/7466806974164864278,Itâ€™s time to get really long lashes. Exceed your lash goals with our most lengthening mascara yet. @...,https://m.tiktok.com/v/7466806974164864278.html?_d=0&comment_author_id=7321562350893499438&preview_pb=0&share_comment_id=7466852735737299743&share_item_id=7466806974164864278&sharer_language=en&source=h5_m&u_code=0,#Lancome|#LashIdole|#FlutterExtension|#Oliviarodrigo|#OliviaxLancome|#BeautyTok|#MakeupTok|#EyeLook|#Beauty|#Glance|#Mascara|#LongLashes,618,ava_4794,Ava_ğŸ™,I'm so obsessed how she says Lancome,2025-02-02T17:02:48,0,3
44,7466868770552827158,https://www.tiktok.com/@lancome.official/video/7466868770552827158,"Looking for length? Real lashes at the longest, with Lash IdÃ´le Flutter Extension Mascara. @emma cha...",https://m.tiktok.com/v/7466868770552827158.html?_d=0&comment_author_id=7402638189305562144&preview_pb=0&share_comment_id=7466874971068515094&share_item_id=7466868770552827158&sharer_language=en&source=h5_m&u_code=0,#Lancome|#LashIdole|#FlutterExtension|#Emmachamberlain|#LancomexEmma|#BeautyTok|#MakeupTok|#EyeLook|#Beauty|#Glance|#Mascara|#LongLashes,80,pinkglitterart,maya,Emmaaaaaaaaaaaa and Olivia omg. They choose well,2025-02-02T18:29:04,0,5
45,7467205172788284694,https://www.tiktok.com/@lancome.official/video/7467205172788284694,Global Ambassador @Olivia Rodrigo stepped out at the Grammy Awards ceremony in a 90s-inspired makeup...,https://m.tiktok.com/v/7467205172788284694.html?_d=0&comment_author_id=6964774820693836801&preview_pb=0&share_comment_id=7467206507688526614&share_item_id=7467205172788284694&sharer_language=en&source=h5_m&u_code=0,#Lancome|#OliviaxLancome|#OliviaRodrigo|#Makeup|#Beauty|#RedCarpet|#Grammys|#GrammyAwards|#MakeupLook|#GetTheLook,130,lorealgroupe,lorealgroupe,an ICON ğŸ‘‘,2025-02-03T15:55:35,0,1
46,7467234387373952278,https://www.tiktok.com/@lancome.official/video/7467234387373952278,When the tiny one meets the giant one ğŸ«¢ #Lancome #FlutterExtension #Mascara #NewLaunch #LongLashes #...,https://m.tiktok.com/v/7467234387373952278.html?_d=0&comment_author_id=194406116594941952&preview_pb=0&share_comment_id=7470683631098266370&share_item_id=7467234387373952278&sharer_language=en&source=h5_m&u_code=0,#Lancome|#FlutterExtension|#Mascara|#NewLaunch|#LongLashes|#LashGoals|#Makeup|#Makeuptok|#XXL|#BeautyTok|#Satisfying|#Essentials,153,deffoanii,Anii,Give out the samples already ğŸ˜«,2025-02-13T00:50:03,0,9
47,7467265692513963286,https://www.tiktok.com/@lancome.official/video/7467265692513963286,Giant Flutter in Paris! ğŸ‡«ğŸ‡· #Lancome #FlutterExtension #Mascara #NewLaunch #LongLashes #LashGoals #Ma...,https://m.tiktok.com/v/7467265692513963286.html?_d=0&comment_author_id=6576416543902171141&preview_pb=0&share_comment_id=7468150526422483743&share_item_id=7467265692513963286&sharer_language=en&source=h5_m&u_code=0,#Lancome|#FlutterExtension|#Mascara|#NewLaunch|#LongLashes|#LashGoals|#Makeup|#Makeuptok|#XXL|#BeautyTok|#Satisfying|#Essentials,50,livingwithle,alea ğŸ¤ | nyc content creator,never throwing mine away ğŸ˜­,2025-02-06T04:58:40,0,1
48,7467507888311766294,https://www.tiktok.com/@lancome.official/video/7467507888311766294,,,,25,erika_navi,Erika Navi,"LancÃ´me, can you send me one ğŸ«£âœ¨ï¸",2025-02-04T11:39:37,0,0
49,7467876439140896022,https://www.tiktok.com/@lancome.official/video/7467876439140896022,"Long, separated lashes: @Ashley LaMarcaâ€™s dream come true! Try the new Lash IdÃ´le Flutter Extension ...",https://m.tiktok.com/v/7467876439140896022.html?_d=0&comment_author_id=7383385856608928801&preview_pb=0&share_comment_id=7482567662981776130&share_item_id=7467876439140896022&sharer_language=en&source=h5_m&u_code=0,#Lancome|#Lancomemakeup|#FlutterExtension|#Mascara|#NewLaunch|#LongLashes|#LashGoals|#Makeup|#Makeuptok|#beforeafter|#BeautyTok|#Satisfying|#Essentials|#LashTrend,32,v996801,v,Sample tokk,2025-03-17T00:24:46,0,0
50,7467966283657514262,https://www.tiktok.com/@lancome.official/video/7467966283657514262,"Paris, here we come!ğŸ‡«ğŸ‡· IdÃ´le House is coming to France! Rendez-vous there to dive into the world of ...",https://m.tiktok.com/v/7467966283657514262.html?_d=0&comment_author_id=7114047310753285126&preview_pb=0&share_comment_id=7471634563594142486&share_item_id=7467966283657514262&sharer_language=en&source=h5_m&u_code=0,#LancomeIdole|#Lancome|#IdoleHouse|#LancomeFR|#France|#Paris|#Popup|#Makeup|#FlutterExtension|#Mascara|#NewLaunch|#Event|#Beauty,26,tara.maryx,tara.maryx,NEED ğŸ¤©ğŸ¤©ğŸ¤©,2025-02-15T14:18:45,0,0
51,7467988270190693654,https://www.tiktok.com/@lancome.official/video/7467988270190693654,IdÃ´le House event means... IdÃ´le House PR boxğŸ¤­ Come meet the LancÃ´me team in Paris! ğŸ‡«ğŸ‡·  February 6th...,https://m.tiktok.com/v/7467988270190693654.html?_d=0&comment_author_id=6725881681062478854&preview_pb=0&share_comment_id=7468391324807938862&share_item_id=7467988270190693654&sharer_language=en&source=h5_m&u_code=0,#Lancome|#IdoleHouse|#LancomeFR|#France|#Paris|#Popup|#Makeup|#FlutterExtension|#Mascara|#NewLaunch|#Event|#Beauty,306,kadireedy,Kadi âœ¨,Now THIS is the dream PR box ğŸ¥º,2025-02-06T20:33:14,0,1
52,7468245024594005270,https://www.tiktok.com/@lancome.official/video/7468245024594005270,Watch @sam ğŸ‘¼ğŸ¼ lashes as they reach new lengths with the new Lash IdÃ´le Flutter Extension mascara. GO...,https://m.tiktok.com/v/7468245024594005270.html?_d=0&comment_author_id=6803355989572584453&preview_pb=0&share_comment_id=7468387453062890261&share_item_id=7468245024594005270&sharer_language=en&source=h5_m&u_code=0,#Lancome|#Lancomemakeup|#FlutterExtension|#Mascara|#NewLaunch|#LongLashes|#LashGoals|#Makeup|#Makeuptok|#beforeafter|#BeautyTok|#Satisfying|#Essentials|#LashTrend,38,sabinesinno_,Sabine Sinno,i need this!!!,2025-02-06T20:18:10,0,1
53,7468263853868977430,https://www.tiktok.com/@lancome.official/video/7468263853868977430,Free popcorns at the IdÃ´le House ğŸ¿ Donâ€™t miss the LancÃ´me pop up store: February 6th: 12PM â€“ 5PMâ€¨Feb...,https://m.tiktok.com/v/7468263853868977430.html?_d=0&comment_author_id=6863845268652213253&preview_pb=0&share_comment_id=7468389142563570454&share_item_id=7468263853868977430&sharer_language=en&source=h5_m&u_code=0,#Lancome|#IdoleHouse|#LancomeFR|#France|#Paris|#Popup|#Makeup|#FlutterExtension|#Mascara|#NewLaunch|#Event|#Beauty,72,finebyme94,Fine,Mais le pauvre il fait froid ğŸ˜©,2025-02-06T20:24:57,0,1
54,7468303780539321622,https://www.tiktok.com/@lancome.official/video/7468303780539321622,"Rendez-vous at 18 Rue de Turenne, 75004, Paris, to pick up your IdÃ´le House free giftğŸ‡«ğŸ‡·  #Lancome #I...",https://m.tiktok.com/v/7468303780539321622.html?_d=0&comment_author_id=7249331963713324058&preview_pb=0&share_comment_id=7468307958981952278&share_item_id=7468303780539321622&sharer_language=en&source=h5_m&u_code=0,#Lancome|#IdoleHouse|#LancomeFR|#France|#Paris|#Popup|#Makeup|#FlutterExtension|#Mascara|#NewLaunch|#Event|#beauty,33,vassi012,vassi,"I want this bag full with mascaras, eyeshadows, lipsticks, perfumes!!!!",2025-02-06T15:10:15,0,0
55,7468317961934081282,https://www.tiktok.com/@lancome.official/video/7468317961934081282,"See you at 18 Rue de Turenne, 75004, Paris for IdÃ´le House LancÃ´me ğŸ«¶ February 6th: 12PM â€“ 5PMâ€¨Februa...",https://m.tiktok.com/v/7468317961934081282.html?_d=0&comment_author_id=7360356289099138053&preview_pb=0&share_comment_id=7468321306246398728&share_item_id=7468317961934081282&sharer_language=en&source=h5_m&u_code=0,#Lancome|#IdoleHouse|#LancomeFR|#France|#Paris|#Popup|#Makeup|#FlutterExtension|#Mascara|#NewLaunch|#Event|#Beauty,24,superrealsoda,superrealsoda,Ill need to fly to paris for this ğŸ˜”âœ‹,2025-02-06T16:01:10,0,0
56,7468322730077654294,https://www.tiktok.com/@lancome.official/video/7468322730077654294,Goodies are waiting for you at IdÃ´le House in Paris ğŸ‘› February 6th: 12PM â€“ 5PMâ€¨February 7th: 10AM - ...,https://m.tiktok.com/v/7468322730077654294.html?_d=0&comment_author_id=6749977962937058309&preview_pb=0&share_comment_id=7471307080013267734&share_item_id=7468322730077654294&sharer_language=en&source=h5_m&u_code=0,#Lancome|#IdoleHouse|#LancomeFR|#France|#Paris|#Popup|#Makeup|#FlutterExtension|#Mascara|#NewLaunch|#Event|#Beauty|#IdolePower|#Fragrance|#Giftbag,43,luc.ym00,lucyğŸ’‹,jusy came back from paris and i see this now,2025-02-14T17:07:57,0,0
57,7468356925340634390,https://www.tiktok.com/@lancome.official/video/7468356925340634390,"Excuse @RICHARD for being late, he was at IdÃ´le House Paris ğŸ‡«ğŸ‡·  Joins us:  February 6th: 12PM â€“ 5PMâ€¨...",https://m.tiktok.com/v/7468356925340634390.html?_d=0&comment_author_id=7433121832087307271&preview_pb=0&share_comment_id=7469038928055091986&share_item_id=7468356925340634390&sharer_language=en&source=h5_m&u_code=0,#Lancome|#IdoleHouse|#LancomeFR|#France|#Paris|#Popup|#Makeup|#FlutterExtension|#Mascara|#NewLaunch|#Event|#Beauty,29,shamnextdoor_,ï¸,ateeeeee,2025-02-08T14:25:56,0,0
58,7468611054885440790,https://www.tiktok.com/@lancome.official/video/7468611054885440790,Donâ€™t miss our Juicy Tubes at IdÃ´le House Paris ğŸ«¶ â€¨February 7th: 10AM - 5PMâ€¨February 8th & 9th: 10AM...,https://m.tiktok.com/v/7468611054885440790.html?_d=0&comment_author_id=7400254911710151712&preview_pb=0&share_comment_id=7469237805966803745&share_item_id=7468611054885440790&sharer_language=en&source=h5_m&u_code=0,#Lancome|#IdoleHouse|#LancomeFR|#France|#Paris|#Popup|#Makeup|#FlutterExtension|#Mascara|#NewLaunch|#Event|#beauty,32,unathi_ndam,Ë–Ëšğ–¦¹ Â°.â€¢unathiâ€¢.Â° ğ–¦¹.â‹†Ë–,YessğŸ˜,2025-02-09T03:19:02,0,0
59,7468619333892066582,https://www.tiktok.com/@lancome.official/video/7468619333892066582,Letâ€™s ride with our Flutter in ParisğŸ‡«ğŸ‡· #Lancome #FlutterExtension #Mascara #NewLaunch #LongLashes #L...,https://m.tiktok.com/v/7468619333892066582.html?_d=0&comment_author_id=7279410462349329413&preview_pb=0&share_comment_id=7468620785088447238&share_item_id=7468619333892066582&sharer_language=en&source=h5_m&u_code=0,#Lancome|#FlutterExtension|#Mascara|#NewLaunch|#LongLashes|#LashGoals|#Makeup|#Makeuptok|#XXL|#BeautyTok|#Satisfying|#Essentials,31,annaoop23,ğ’œğŸ’•,first,2025-02-07T11:23:46,0,1
60,7468680346997902614,https://www.tiktok.com/@lancome.official/video/7468680346997902614,,,,17,shamnextdoor_,ï¸,THIS LIP GLOSS IS A NEED ğŸ”¥ğŸ”¥ğŸ’¯ğŸ’¯ğŸ’…ğŸ¼ğŸ’…ğŸ¼,2025-02-08T14:25:31,0,0
61,7468714140769488150,https://www.tiktok.com/@lancome.official/video/7468714140769488150,,,,17,not_13ju723,xxxjâ€¦.anfiguresxcksxxx,Early???,2025-02-07T17:32:02,0,0
62,7468759294339501334,https://www.tiktok.com/@lancome.official/video/7468759294339501334,It's giving lash extension ! Our NEW Flutter Extension Mascara has won us over at the opening of the...,https://m.tiktok.com/v/7468759294339501334.html?_d=0&comment_author_id=6532052682499162114&preview_pb=0&share_comment_id=7468807397726110486&share_item_id=7468759294339501334&sharer_language=en&source=h5_m&u_code=0,#Lancome|#IdoleHouse|#LancomeFR|#France|#Paris|#Popup|#Makeup|#FlutterExtension|#Mascara|#NewLaunch|#Event|#Beauty,26,socharmante,SoCharmanteâœ¨,LIVE LAUGH LOVE LANCÃ”ME,2025-02-07T23:27:57,0,0
63,7468977337615404310,https://www.tiktok.com/@lancome.official/video/7468977337615404310,Runâ€¦donâ€™t walkâ€¦to our IdÃ´le House in Paris âœ¨  Donâ€™t miss the last days:â€¨February 8th & 9th: 10AM - 8...,https://m.tiktok.com/v/7468977337615404310.html?_d=0&comment_author_id=7062096669509026821&preview_pb=0&share_comment_id=7468981154289517344&share_item_id=7468977337615404310&sharer_language=en&source=h5_m&u_code=0,#Lancome|#idolehouse|#France|#Paris|#Popup|#Makeup|#NewLaunch|#Event,29,jungwonsdimpletoes,Saany ğŸª¼,Would love to collab,2025-02-08T10:41:50,0,0
64,7469014558397533462,https://www.tiktok.com/@lancome.official/video/7469014558397533462,,,,26,jaad.lchs,jaad.lchsğŸ‰,Le meilleur mascara ğŸ˜»,2025-02-08T12:56:56,0,1
65,7469357598056189206,https://www.tiktok.com/@lancome.official/video/7469357598056189206,Get a quick lash review and personalize the new Flutter Extension Mascara at our IdÃ´le House popup i...,https://m.tiktok.com/v/7469357598056189206.html?_d=0&comment_author_id=7045738395427767301&preview_pb=0&share_comment_id=7471945498624295702&share_item_id=7469357598056189206&sharer_language=en&source=h5_m&u_code=0,#Lancome|#IdoleHouse|#LancomeFR|#France|#Paris|#Popup|#Makeup|#FlutterExtension|#Mascara|#NewLaunch|#Event|#Beauty,41,libbyflanagan18,StatueofLIBBYtâ¸†â¸‰â­ï¸ğŸ¸ğŸ«¶ğŸ¥‚,sample xx â¤,2025-02-16T10:25:31,0,0
66,7469371633543761174,https://www.tiktok.com/@lancome.official/video/7469371633543761174,The Marais has never been so pink ! ğŸ©· Last call to discover our iconic location for IdÃ´le House in P...,https://m.tiktok.com/v/7469371633543761174.html?_d=0&comment_author_id=7327930777118196738&preview_pb=0&share_comment_id=7469671812978721553&share_item_id=7469371633543761174&sharer_language=en&source=h5_m&u_code=0,#Lancome|#IdoleHouse|#LancomeFR|#France|#Paris|#Popup|#Makeup|#FlutterExtension|#Mascara|#NewLaunch|#Event|#Beauty|#FrisianFlagENERGOplus,23,mm_grrargh,*à©ˆê©œâ€§â‚Š.à³ƒà¿”:â­‘,day 9 of asking to bring back juicy tubes shade cerise,2025-02-10T07:22:07,0,0
67,7469839503931510039,https://www.tiktok.com/@lancome.official/video/7469839503931510039,Valentine's day to remember! âœ¨ Our La Nuit TrÃ©sor Love Calendar is filled with 14 LancÃ´me treats. â¤ï¸...,https://m.tiktok.com/v/7469839503931510039.html?_d=0&comment_author_id=7306863739851359265&preview_pb=0&share_comment_id=7470072838356140832&share_item_id=7469839503931510039&sharer_language=en&source=h5_m&u_code=0,#Lancome|#Tresor|#TresorVanilleNoire|#ValentinesDay|#Fragrance|#ValentinesDayLancome,34,cometssocials,cometssocials,Love,2025-02-11T09:18:44,0,0
68,7470216046696303894,https://www.tiktok.com/@lancome.official/video/7470216046696303894,Thank you for your love ğŸ’• Back soon on our European websites ğŸ‘€ #Lancome #Makeup #FlutterExtension #M...,https://m.tiktok.com/v/7470216046696303894.html?_d=0&comment_author_id=7045738395427767301&preview_pb=0&share_comment_id=7471944824033182486&share_item_id=7470216046696303894&sharer_language=en&source=h5_m&u_code=0,#Lancome|#Makeup|#FlutterExtension|#Mascara|#longlashes|#LashGoals|#MakeupTok|#BeautyTok|#Essentials,52,libbyflanagan18,StatueofLIBBYtâ¸†â¸‰â­ï¸ğŸ¸ğŸ«¶ğŸ¥‚,sample xx,2025-02-16T10:22:51,0,0
69,7470513759082106134,https://www.tiktok.com/@lancome.official/video/7470513759082106134,our Flutter Extension Mascara canâ€¦ ğŸ¤­ #Lancome #Makeup #Mascara #FlutterExtension #ohapieceofcandy #L...,https://m.tiktok.com/v/7470513759082106134.html?_d=0&comment_author_id=6726908836046963717&preview_pb=0&share_comment_id=7470520232278410030&share_item_id=7470513759082106134&sharer_language=en&source=h5_m&u_code=0,#Lancome|#Makeup|#Mascara|#FlutterExtension|#ohapieceofcandy|#Lashgoal|##o#ohpieceofcandylonglashes|#pieceofcandy|#apieceofcandy,80,beautywithbetsy,Betsy H,I just bought this mascara an itâ€™s ELITE,2025-02-12T14:14:30,0,1
70,7470589403493141782,https://www.tiktok.com/@lancome.official/video/7470589403493141782,When Flutter Extension met Lash IdÃ´le ğŸ’•  #Lancome #Makeup #LashIdole #FlutterExtension #Meetingmyyou...,https://m.tiktok.com/v/7470589403493141782.html?_d=0&comment_author_id=7045738395427767301&preview_pb=0&share_comment_id=7471946952230503190&share_item_id=7470589403493141782&sharer_language=en&source=h5_m&u_code=0,#Lancome|#Makeup|#LashIdole|#FlutterExtension|#Meetingmyyoungerself|#Coffeewithyoungerself|#myyoungerself|#LashGoal,40,libbyflanagan18,StatueofLIBBYtâ¸†â¸‰â­ï¸ğŸ¸ğŸ«¶ğŸ¥‚,sample xx,2025-02-16T10:30:46,0,0
71,7470857392406793494,https://www.tiktok.com/@lancome.official/video/7470857392406793494,Join us at the LancÃ´me CafÃ© de la Rose to share a lovely moment with your bestie ğŸ’— #Lancome #Paris #...,https://m.tiktok.com/v/7470857392406793494.html?_d=0&comment_author_id=7327930777118196738&preview_pb=0&share_comment_id=7470865058441397008&share_item_id=7470857392406793494&sharer_language=en&source=h5_m&u_code=0,#Lancome|#Paris|#Pastry|#VDAY|#Valentine|#ValentinesDay|#BF|#BestFriend|#Makeup|#Essentials|#MustHave|#MakeupEssentials|#Beauty|#BeautyTok|#Satisfying|#Flagship,26,mm_grrargh,*à©ˆê©œâ€§â‚Š.à³ƒà¿”:â­‘,day 11 of asking to bring back juicy tubes shade cerise,2025-02-13T12:32:12,0,0
72,7471266110780820758,https://www.tiktok.com/@lancome.official/video/7471266110780820758,You're invited on an intimate adventure at Le Louvre in the sensual amber glow of sunset. Join LancÃ´...,https://m.tiktok.com/v/7471266110780820758.html?_d=0&comment_author_id=6908845669290574849&preview_pb=0&share_comment_id=7471267133352592146&share_item_id=7471266110780820758&sharer_language=en&source=h5_m&u_code=0,#Lancome|#Tresor|#TresorVanilleNoire|#Fragrance|#PenelopeCruz|#LancomexPenelope|#MuseeLouvre|#Fragrancetok|#Vanilla|#SweetScent|#SmellGood,30,it_girl_ruby,Rubyá¥«á­¡,first,2025-02-14T14:32:25,0,0
73,7471644157333785878,https://www.tiktok.com/@lancome.official/video/7471644157333785878,Just two girls trying to get the perfect photobooth picture ğŸ’•ğŸ“· #Lancome #IsabellaRossellini #NicoPar...,https://m.tiktok.com/v/7471644157333785878.html?_d=0&comment_author_id=6803355989572584453&preview_pb=0&share_comment_id=7471647046342263572&share_item_id=7471644157333785878&sharer_language=en&source=h5_m&u_code=0,#Lancome|#IsabellaRossellini|#NicoParker|#Photobooth|#Makeup|#Fragrance|#photoboothchallenge|#FlutterEntension|#Mascara|#Makeuptok,22,sabinesinno_,Sabine Sinno,all smiles around them!!!,2025-02-15T15:06:45,0,1
74,7471689655918988567,https://www.tiktok.com/@lancome.official/video/7471689655918988567,Exclusive BTS footages of LancÃ´me Global Ambassadors Isabella and Nico ğŸ‘€ before they get to the excl...,https://m.tiktok.com/v/7471689655918988567.html?_d=0&comment_author_id=7073202260478411781&preview_pb=0&share_comment_id=7473505546084598550&share_item_id=7471689655918988567&sharer_language=en&source=h5_m&u_code=0,#Lancome|#IsabellaRossellini|#NicoParker|#EEBAFTAs|#Makeup|#BTS|#beforeafter|#Shooting|#Behindthescenes,24,beppinosaccavino,Giuseppe,"quanto assomigli alla mamma, io l adoravo!!!â¤ï¸",2025-02-20T15:19:03,0,0
75,7471762192287763734,https://www.tiktok.com/@lancome.official/video/7471762192287763734,Long lashes alert ğŸš¨  #Lancome #NicoParker #LancomexNico #FlutterExtension #Mascara #Lashgoal #longla...,https://m.tiktok.com/v/7471762192287763734.html?_d=0&comment_author_id=7227118998947922970&preview_pb=0&share_comment_id=7471763017878487830&share_item_id=7471762192287763734&sharer_language=en&source=h5_m&u_code=0,#Lancome|#NicoParker|#LancomexNico|#FlutterExtension|#Mascara|#Lashgoal|#longlashes|#makeup|#makeuptok|#satisfying,47,melirkl,Meli ğŸŒ·,I feel like this mascara will change my life foreverğŸ˜ğŸ˜ğŸ˜,2025-02-15T22:37:09,0,0
76,7471953499798932758,https://www.tiktok.com/@lancome.official/video/7471953499798932758,Showtime ğŸ’• Isabella and Nico get ready for 25-year LancÃ´me x EE BAFTA Film Awards beauty partnership...,https://m.tiktok.com/v/7471953499798932758.html?_d=0&comment_author_id=7019347845775770629&preview_pb=0&share_comment_id=7471964428683592470&share_item_id=7471953499798932758&sharer_language=en&source=h5_m&u_code=0,#Lancome|#IsabellaRossellini|#NicoParker|#LancomexIsabella|#LancomexNico|#FlutterExtension|#Mascara|#LipIdole|#EEBAFTAs,22,olcsitv,OliviağŸ•³ï¸,here before 100like,2025-02-16T11:38:44,0,0
77,7472046449400843542,https://www.tiktok.com/@lancome.official/video/7472046449400843542,Witness the timeless makeup look of Global Ambassador Nico Parker at the party held in celebration o...,https://m.tiktok.com/v/7472046449400843542.html?_d=0&comment_author_id=6918793672961573890&preview_pb=0&share_comment_id=7515124490633380631&share_item_id=7472046449400843542&sharer_language=en&source=h5_m&u_code=0,#Lancome|#LancomexNico|#NicoParker|#FlutterExtension|#Mascara|#Lashgoal|#LipIdole|#LipBalm|#TeintIdoleUltraWear|#Makeup,26,franciscoocean0,ğ’œ,FACE CARDDDD,2025-06-12T19:01:24,0,0
78,7472109343157062934,https://www.tiktok.com/@lancome.official/video/7472109343157062934,"Nonchalant elevator challenge, the LancÃ´me way ğŸ‘€ with Nico Parker ğŸ’“ #Lancome #LancomexNico #NicoPark...",https://m.tiktok.com/v/7472109343157062934.html?_d=0&comment_author_id=6871437038706410501&preview_pb=0&share_comment_id=7472118529195918135&share_item_id=7472109343157062934&sharer_language=en&source=h5_m&u_code=0,#Lancome|#LancomexNico|#NicoParker|#Nonchalant|#nonchalantelevator|#elevatorchallenge|#BTS|#Behindthescenes|#Shooting,16,ali_jz0,ğ“ğ“µğ“²,Me fÃ­an un perfume de Olivia Rodrigo?,2025-02-16T21:36:40,0,0
79,7472143665406709014,https://www.tiktok.com/@lancome.official/video/7472143665406709014,"The secrets of Nico Parker's final touch-ups, before she goes on the night of 2025 EE BAFTA Film Awa...",https://m.tiktok.com/v/7472143665406709014.html?_d=0&comment_author_id=7292900489422717994&preview_pb=0&share_comment_id=7472144471302849326&share_item_id=7472143665406709014&sharer_language=en&source=h5_m&u_code=0,#FlutterExtension|#LipIdole|#Lancome|#LancomexNico|#NicoParker|#EEBAFTAs|#Mascara|#LipBalm|#Lashgoal|#Longlashes,25,imdumbbb3,bri,you guys are amazing at choosing ppl to model bc theyâ€™re all gorgeous,2025-02-16T23:17:16,0,0
80,7472330016068537622,https://www.tiktok.com/@lancome.official/video/7472330016068537622,Timeless beauty âœ¨ Global ambassador Isabella Rossellini gets ready before she goes on the night of 2...,https://m.tiktok.com/v/7472330016068537622.html?_d=0&comment_author_id=7057943594477323270&preview_pb=0&share_comment_id=7472403197853385494&share_item_id=7472330016068537622&sharer_language=en&source=h5_m&u_code=0,#Lancome|#LancomexIsabella|#IsabellaRossellini|#EEBAFTAs|#Makeup|#FlutterExtension|#Mascara|#Lashgoal|#LipIdole|#Lipbalm,525,maro.1969,Îœaro,so elegant...,2025-02-17T16:01:29,0,0
81,7472370372436987159,https://www.tiktok.com/@lancome.official/video/7472370372436987159,"She is elegance, she is grace. LancÃ´me Global Ambassador #IsabellaRossellini radiates happiness and ...",https://m.tiktok.com/v/7472370372436987159.html?_d=0&comment_author_id=6702105470569825285&preview_pb=0&share_comment_id=7475243026592695086&share_item_id=7472370372436987159&sharer_language=en&source=h5_m&u_code=0,#IsabellaRossellini|#Lancome|#LancomexIsabella|#Makeup|#EEBAFTAsâ€‹|#TeintIdoleUltraWear|#FlutterExtension|#LipIdole|#Lashgoal|#GlowyComplexion,96,grumpycatandchloe108,grumpycatandchloe108,The most beautiful model Lancome has ever had,2025-02-25T06:41:22,0,0
82,7472390608309538070,https://www.tiktok.com/@lancome.official/video/7472390608309538070,"Simply captivating. For her 2025 EE BAFTA Film Awards makeup look, Global Ambassador #NicoParker opt...",https://m.tiktok.com/v/7472390608309538070.html?_d=0&comment_author_id=6803355989572584453&preview_pb=0&share_comment_id=7472420710064227092&share_item_id=7472390608309538070&sharer_language=en&source=h5_m&u_code=0,#NicoParker|#Lancome|#LancomexNico|#Makeup|#EEBAFTAsâ€‹|#TeintIdoleUltraWear|#FlutterExtension|#LipIdole|#Lashgoal|#GlowyComplexion,26,sabinesinno_,Sabine Sinno,so cute ğŸ”¥ğŸ”¥ğŸ”¥,2025-02-17T17:08:59,0,0
83,7472699136257674518,https://www.tiktok.com/@lancome.official/video/7472699136257674518,,,,40,nataly__adeeva,Nataly Adeeva,My fav mascara!! ğŸ˜ğŸ«¶ğŸ»ğŸ’—,2025-04-04T02:29:06,0,0
84,7472735050769960214,https://www.tiktok.com/@lancome.official/video/7472735050769960214,Actress and Friend of the House #VanessaKirby gets ready for the 2025 EE BAFTA Film Awards âœ¨ with La...,https://m.tiktok.com/v/7472735050769960214.html?_d=0&comment_author_id=7349099905011794946&preview_pb=0&share_comment_id=7487696121780749076&share_item_id=7472735050769960214&sharer_language=en&source=h5_m&u_code=0,#VanessaKirby|#Lancome|#VanessaKirby|#EEBAFTAs|#Makeup|#FlutterExtension|#Mascara|#LipIdole|#Lashgoal,34,user2669856053765,à¸£à¸¸à¸ªà¸¥à¸±à¸™ à¹à¸§à¹€à¸”à¹‡à¸‡,vanessa kirby,2025-03-30T20:05:39,0,0
85,7472806870604877078,https://www.tiktok.com/@lancome.official/video/7472806870604877078,Witness the lengthening power of LancÃ´meâ€™s most lash lengthening mascara yet: Lash IdÃ´le Flutter Ext...,https://m.tiktok.com/v/7472806870604877078.html?_d=0&comment_author_id=7384178680819729440&preview_pb=0&share_comment_id=7472870141417489154&share_item_id=7472806870604877078&sharer_language=en&source=h5_m&u_code=0,#Lancome|#OliviaxLancome|#OliviaRodrigo|#LashIdole|#FlutterExtension|#Mascara|#Makeup|#BeautyTok|#MakeupTok|#EyeLook|#Beauty|#Glance|#Mascara|#LongLashes,207,.adriadna,livie áµ’á´¿,viene con la modelo?,2025-02-18T22:13:14,0,1
86,7473079726039387414,https://www.tiktok.com/@lancome.official/video/7473079726039387414,Happiest day to our mascara lovers âœ¨ #Lancome #Makeup #Mascara #internationallashday #lashday #Makeu...,https://m.tiktok.com/v/7473079726039387414.html?_d=0&comment_author_id=7341821951641551904&preview_pb=0&share_comment_id=7473282679782867734&share_item_id=7473079726039387414&sharer_language=en&source=h5_m&u_code=0,#Lancome|#Makeup|#Mascara|#internationallashday|#lashday|#MakeupTok|#BeautyTok,40,spicypiscesrules,spicypiscesrules,Ommmg 135th like ğŸ’œğŸ’œğŸ’œ,2025-02-20T00:54:48,0,0
87,7473160959159274774,https://www.tiktok.com/@lancome.official/video/7473160959159274774,Ultra lash definition.â€‹ Get up to +5.5mm* visibly longer lashes thanks to the nano bristles of the n...,https://m.tiktok.com/v/7473160959159274774.html?_d=0&comment_author_id=7110321708980945926&preview_pb=0&share_comment_id=7473212871141851926&share_item_id=7473160959159274774&sharer_language=en&source=h5_m&u_code=0,#Lancome|#OliviaxLancome|#OliviaRodrigo|#LashIdole|#FlutterExtension|#Mascara|#Makeup|#BeautyTok|#MakeupTok|#EyeLook|#Beauty|#Glance|#Mascara|#LongLashes,450,pauline.estr11,ğ•»ğ–†ğ–šğ–•ğ–†ğ–š ğŸ‚,mon nouveau mascara prÃ©fÃ©rÃ© je crois (je suis pas DU TOUT obsÃ©dÃ©e par Olivia Rodrigo),2025-02-19T20:23:12,0,0
88,7473442925540642070,https://www.tiktok.com/@lancome.official/video/7473442925540642070,The perfect gift for our gloss lovers ğŸ¥° #Lancome #Makeup #Essentials #MustHave #MakeupEssentials #Be...,https://m.tiktok.com/v/7473442925540642070.html?_d=0&comment_author_id=6947396372044039174&preview_pb=0&share_comment_id=7474623646498259714&share_item_id=7473442925540642070&sharer_language=en&source=h5_m&u_code=0,#Lancome|#Makeup|#Essentials|#MustHave|#MakeupEssentials|#Beauty|#BeautyTok|#Satisfying|#JuicyTubes|#Gloss|#Lips|#Lipsticks|#MakeupTok,84,du_stiinkst1,ChayağŸ§Ÿâ€â™€ï¸ğŸ«†ğ–¤“,Samplessss,2025-02-23T14:37:44,0,0
89,7473816369889283350,https://www.tiktok.com/@lancome.official/video/7473816369889283350,"Swatch it, adopt it ğŸ’‹  Lâ€™Absolu Rouge Drama Ink - French Opera 288 Lip IdÃ´le Lip Shaper - Mahogany M...",https://m.tiktok.com/v/7473816369889283350.html?_d=0&comment_author_id=6947396372044039174&preview_pb=0&share_comment_id=7474658203855258390&share_item_id=7473816369889283350&sharer_language=en&source=h5_m&u_code=0,#Lancome|#Makeup|#Essentials|#MustHave|#MakeupEssentials|#Beauty|#BeautyTok|#Satisfying|#Lipstick|#AbsoluRouge|#Lips|#LipsLook,35,du_stiinkst1,ChayağŸ§Ÿâ€â™€ï¸ğŸ«†ğ–¤“,Sampleeee,2025-02-23T16:51:42,0,0
90,7473864633170824470,https://www.tiktok.com/@lancome.official/video/7473864633170824470,"Guess whatâ€™s coming to @Roblox? Get ready to discover IdÃ´le House like never before, from now until ...",https://m.tiktok.com/v/7473864633170824470.html?_d=0&comment_author_id=7227118998947922970&preview_pb=0&share_comment_id=7473909271173645078&share_item_id=7473864633170824470&sharer_language=en&source=h5_m&u_code=0,#Lancome|#IdoleHouse|#Roblox|#RobloxTrends|#Gamers|#gaming|#GamersofTikTok|#LancomexRoblox|#LancomeIdole|#JoinTheIdoles,45,melirkl,Meli ğŸŒ·,Guess I gotta start playing RobloxğŸ‘€,2025-02-21T17:25:47,0,0
91,7473907707779517718,https://www.tiktok.com/@lancome.official/video/7473907707779517718,Juicy Tubes on set with Global Ambassador @Aya Nakamura in her latest clip â€œCHIMIYÃ‰â€. Weâ€™re in love!...,https://m.tiktok.com/v/7473907707779517718.html?_d=0&comment_author_id=6719924544264389637&preview_pb=0&share_comment_id=7473953555888702230&share_item_id=7473907707779517718&sharer_language=en&source=h5_m&u_code=0,#Lancome|#LancomexAya|#AyaNakamura|#JuicyTubes|#Gloss|#GlossyLip|#Makeup|#Y2K|#Trendy|#MakeupLook,24,richaard2609,RICHARD,reine,2025-02-21T20:17:18,0,0
92,7473935548680473878,https://www.tiktok.com/@lancome.official/video/7473935548680473878,Catch the only bus that matters ğŸ’œ â€¨#Lancome #Fragrance #IdolePower #Fragrancetiktok #Fragrancetok #S...,https://m.tiktok.com/v/7473935548680473878.html?_d=0&comment_author_id=6565070653027074053&preview_pb=0&share_comment_id=7473936710604505878&share_item_id=7473935548680473878&sharer_language=en&source=h5_m&u_code=0,#Lancome|#Fragrance|#IdolePower|#Fragrancetiktok|#Fragrancetok|#SmellGood|#FlutterExtension|#OliviaRodrigo|#Lancomemakeup,154,eloise_mib,eloise_mib,Le mascara est juste incroyable ğŸ˜»,2025-02-21T19:12:19,0,0
93,7474184106792848662,https://www.tiktok.com/@lancome.official/video/7474184106792848662,Come along with @Fia James as she interviews guests at our IdÃ´le Power Party in NYC ğŸ’— #Lancome #Frag...,https://m.tiktok.com/v/7474184106792848662.html?_d=0&comment_author_id=6808510796383028230&preview_pb=0&share_comment_id=7475844266871735071&share_item_id=7474184106792848662&sharer_language=en&source=h5_m&u_code=0,#Lancome|#Fragrance|#IdolePower|#Fragrancetiktok|#Fragrancetok|#Galentines|#SmellGood|#Interview,20,sgranada,Sergio Granada,My mind went the other way when the video showed up,2025-02-26T21:34:20,0,0
94,7474554556290993430,https://www.tiktok.com/@lancome.official/video/7474554556290993430,One spritz is all it takes to fall in love with IdÃ´le Power. Just ask guests at our Galentineâ€™s Day ...,https://m.tiktok.com/v/7474554556290993430.html?_d=0&comment_author_id=7356968945129128965&preview_pb=0&share_comment_id=7493760032921895685&share_item_id=7474554556290993430&sharer_language=en&source=h5_m&u_code=0,#Lancome|#Fragrance|#IdolePower|#Fragrancetiktok|#Fragrancetok|#Galentines|#SmellGood,65,ladygagahhahahahhah,Livbedumb â¤ï¸ğŸ’œ,I love you LancÃ´me â¤ï¸ğŸ¤,2025-04-16T05:17:11,0,0
95,7474926684286881046,https://www.tiktok.com/@lancome.official/video/7474926684286881046,We only aim for long lashes over here ğŸ™Œ +5.5mm*: Instrumental test on 28 women #Lancome #LancomeMake...,https://m.tiktok.com/v/7474926684286881046.html?_d=0&comment_author_id=194406116594941952&preview_pb=0&share_comment_id=7474979269228856086&share_item_id=7474926684286881046&sharer_language=en&source=h5_m&u_code=0,#Lancome|#LancomeMakeup|#FlutterExtension|#Mascara|#NewLaunch|#LongLashes|#LashGoals|#Makeup|#Makeuptok|#XXL|#BeautyTok|#Satisfying|#Essentials|#LashTrend,105,deffoanii,Anii,Donâ€™t be shy give us the samples ğŸ¤ª,2025-02-24T13:37:58,0,0
96,7474970256650292502,https://www.tiktok.com/@lancome.official/video/7474970256650292502,"â€This Sunday? Sorry, I already have plans.â€ #Lancome #Clarifique #ProSolution #Skincare #LancomexJoy...",https://m.tiktok.com/v/7474970256650292502.html?_d=0&comment_author_id=6737444189506110469&preview_pb=0&share_comment_id=7475023123868812074&share_item_id=7474970256650292502&sharer_language=en&source=h5_m&u_code=0,#Lancome|#Clarifique|#ProSolution|#Skincare|#LancomexJoy|#JoySunday|#Serum|#Skin|#BeautyTok|#SkincareTok,12,hannahcwilson,HannahğŸ«§,Skin is GLOWINGGGGğŸ¤­,2025-02-24T16:27:55,0,0
97,7474986654030122262,https://www.tiktok.com/@lancome.official/video/7474986654030122262,A classic reinvented. Global Ambassador #IsabellaRossellini made her way to the @Screen Actors Guild...,https://m.tiktok.com/v/7474986654030122262.html?_d=0&comment_author_id=7227118998947922970&preview_pb=0&share_comment_id=7474994198787621654&share_item_id=7474986654030122262&sharer_language=en&source=h5_m&u_code=0,#IsabellaRossellini|#Lancome|#LancomexIsabella|#IsabellaRossellini|#Makeup|#SAGAwardsâ€‹â€‹|#TeintIdoleUltraWear|#FlutterExtension|#LipIdole|#Lashgoal|#GlowyComplexion|#SmokeyEye|#RedLip,134,melirkl,Meli ğŸŒ·,This is how I want to ageğŸ˜,2025-02-24T14:36:06,0,2
98,7475289424474033430,https://www.tiktok.com/@lancome.official/video/7475289424474033430,What are your favorite LancÃ´me products to pack? ğŸ˜‹ #Lancome #Makeup #Essentials #MustHave #MakeupEss...,https://m.tiktok.com/v/7475289424474033430.html?_d=0&comment_author_id=7325066140769322016&preview_pb=0&share_comment_id=7476419304725742358&share_item_id=7475289424474033430&sharer_language=en&source=h5_m&u_code=0,#Lancome|#Makeup|#Essentials|#MustHave|#MakeupEssentials|#Beauty|#BeautyTok|#Satisfying|#Bag|#Travel|#MakeupTok|#Skincare,50,moomoomonn,Mon | Food â€¢ Travel â€¢ UGC,Okay NEED especially for all my travels coming up ğŸ˜,2025-02-28T10:45:43,0,0
99,7475717763093269782,https://www.tiktok.com/@lancome.official/video/7475717763093269782,Find your voice with Olivia Rodrigo and IdÃ´le Power and get inspired to own your story. @Olivia Rodr...,https://m.tiktok.com/v/7475717763093269782.html?_d=0&comment_author_id=7392600333836796933&preview_pb=0&share_comment_id=7475719726246675207&share_item_id=7475717763093269782&sharer_language=en&source=h5_m&u_code=0,#Lancome|#OliviaxLancome|#OliviaRodrigo|#LancomeIdole|#IdolePower|#Fragrance|#Beauty|#BeautyTok|#Fragrancetok|#MustHave|#BTS|#BehindTheScenes,265,ifraindontpourandsundont,rainâœªâš“ï¸(spilled),i got it and is smells so GOOD,2025-02-26T13:30:50,0,6
100,7475756541401058582,https://www.tiktok.com/@lancome.official/video/7475756541401058582,Hard not to fall for our Juicy Tubes ğŸ™ˆ  #Lancome #Makeup #Juicy #JuicyTubes #Gloss #Lipsticktok #Mak...,https://m.tiktok.com/v/7475756541401058582.html?_d=0&comment_author_id=7395639338559620128&preview_pb=0&share_comment_id=7475821494287827734&share_item_id=7475756541401058582&sharer_language=en&source=h5_m&u_code=0,#Lancome|#Makeup|#Juicy|#JuicyTubes|#Gloss|#Lipsticktok|#Makeuptok|#BeautyTok|#Lipgloss,53,livs._.angel,â˜…âœ©Livâ€˜s _ Angel â˜†,Me whenever i see liv at the stores ğŸ˜­â¤ï¸,2025-02-26T20:05:52,0,0
101,7476037982860987670,https://www.tiktok.com/@lancome.official/video/7476037982860987670,Go backstage with Olivia Rodrigo for IdÃ´le Power! @Olivia Rodrigo  #Lancome #OliviaxLancome #OliviaR...,https://m.tiktok.com/v/7476037982860987670.html?_d=0&comment_author_id=7172569301064483845&preview_pb=0&share_comment_id=7476039723594269446&share_item_id=7476037982860987670&sharer_language=en&source=h5_m&u_code=0,#Lancome|#OliviaxLancome|#OliviaRodrigo|#LancomeIdole|#IdolePower|#Fragrance|#Beauty|#BeautyTok|#Fragrancetok|#MustHave|#BTS|#BehindTheScenes,232,bella..grace14,Bella ğŸ€ğŸ€,MY NEW FAV SCENT ğŸ˜ğŸ˜,2025-02-27T10:13:06,0,0
102,7476130922148957462,https://www.tiktok.com/@lancome.official/video/7476130922148957462,Olivia invites you behind-the-scenes for an authentic look at her journey with IdÃ´le Power. @Olivia ...,https://m.tiktok.com/v/7476130922148957462.html?_d=0&comment_author_id=7117427499688494086&preview_pb=0&share_comment_id=7476132968450605846&share_item_id=7476130922148957462&sharer_language=en&source=h5_m&u_code=0,#Lancome|#OliviaxLancome|#OliviaRodrigo|#LancomeIdole|#IdolePower|#Fragrance|#Beauty|#BeautyTok|#Fragrancetok|#MustHave|#BTS|#BehindTheScenes,550,x_thiagx73,xoxoğŸ’‹,viene con la modelo,2025-02-27T16:14:29,0,1
103,7476506637826657558,https://www.tiktok.com/@lancome.official/video/7476506637826657558,Did you spot our newest ads in-store yet?ğŸ¤© We can't get enough! #Lancome #OliviaRodrigo #LancomeIdol...,https://m.tiktok.com/v/7476506637826657558.html?_d=0&comment_author_id=7467415036533703685&preview_pb=0&share_comment_id=7476531074001666871&share_item_id=7476506637826657558&sharer_language=en&source=h5_m&u_code=0,#Lancome|#OliviaRodrigo|#LancomeIdole|#IdolePower|#LashIdoleFlutterExtension|#Fragrance|#Mascara|#LongLashes|#Fragrancetiktok|#Fragrancetok|#Beauty|#Makeup|#Makeuptok,208,gutsy_rodrigo,SofÃ­a Cast,The only ads I wanna see ğŸ˜,2025-02-28T17:59:29,0,0
104,7476891211849010454,https://www.tiktok.com/@lancome.official/video/7476891211849010454,"LancÃ´me Global Ambassador #JuliaRoberts gets ready for the 50th CÃ©sar Awards ceremony last night, wh...",https://m.tiktok.com/v/7476891211849010454.html?_d=0&comment_author_id=6813113050908886018&preview_pb=0&share_comment_id=7477557754275054354&share_item_id=7476891211849010454&sharer_language=en&source=h5_m&u_code=0,#JuliaRoberts|#Lancome|#Makeup|#Cesar50th|#Flutter|#LipIdole,448,engchinley,engchinley,My forever prettywoman...,2025-03-03T12:23:17,0,0
105,7477939667858558230,https://www.tiktok.com/@lancome.official/video/7477939667858558230,Get ready together with LancÃ´me Global Ambassador #IsabellaRossellini to attend the most majestic ni...,https://m.tiktok.com/v/7477939667858558230.html?_d=0&comment_author_id=7383918913468285985&preview_pb=0&share_comment_id=7478002307256451862&share_item_id=7477939667858558230&sharer_language=en&source=h5_m&u_code=0,#IsabellaRossellini|#Lancome|#LancomexIsabella|#Makeup|#Beauty|#Oscars|#BlueEyeliner|#BlueEyeLook|#Glowing|#Makeuptok|#Makeuptiktok,148,user8599529822599,Patrickâœ¨,She is like her motherâ€¦.beautiful â¤ï¸,2025-03-04T17:08:29,0,1
106,7478356588500192514,https://www.tiktok.com/@lancome.official/video/7478356588500192514,Spotted: Juicy Tubes on set of Global Ambassador @Aya Nakamuraâ€™s new video clip! ğŸ«¦  #Lancome #Lancom...,https://m.tiktok.com/v/7478356588500192514.html?_d=0&comment_author_id=6772236260473291782&preview_pb=0&share_comment_id=7478465744415802143&share_item_id=7478356588500192514&sharer_language=en&source=h5_m&u_code=0,#Lancome|#LancomexAya|#AyaNakamura|#Makeup|#JuicyTubes|#Beauty|#LipGloss|#GlossyLip,24,angelabell98,Angela,Please bring back the grandiose extreme mascara!! I havenâ€™t been the same sinceğŸ˜­,2025-03-05T23:07:04,0,0
107,7478736343644802326,https://www.tiktok.com/@lancome.official/video/7478736343644802326,The last touch-ups before Le Grand DÃ®ner du Louvre. LancÃ´me France Ambassador #VirginieEfira shines ...,https://m.tiktok.com/v/7478736343644802326.html?_d=0&comment_author_id=7039425024454099969&preview_pb=0&share_comment_id=7478857688585503534&share_item_id=7478736343644802326&sharer_language=en&source=h5_m&u_code=0,#VirginieEfira|#Lancome|#LancomexVirginie|#VirginieEfira|#Makeup|#Beauty|#GrandDinerLouvre|#JuicyTubes|#LipGloss|#Makeuptok|#Makeuptiktok|#Makeuplook|#BTS|#GRWM|#LashIdole|#Mascara,29,sarahjajjawi,sarahjajjawi,LoveeeğŸ˜,2025-03-07T00:27:50,0,0
108,7479131939438464278,https://www.tiktok.com/@lancome.official/video/7479131939438464278,"A new limited-edition UGC is coming up on @Roblox, with a Juicy Tubes for a key chain ğŸ‘› Play startin...",https://m.tiktok.com/v/7479131939438464278.html?_d=0&comment_author_id=6934814509509723141&preview_pb=0&share_comment_id=7479145576534180663&share_item_id=7479131939438464278&sharer_language=en&source=h5_m&u_code=0,#Lancome|#IdoleHouse|#Roblox|#RobloxTrends|#Gamers|#Gaming|#GamersofTikTok|#LancomexRoblox|#LancomeIdole|#JoinTheIdoles,51,damo17890,elit star,puede hacer uno de Olivia Rodrigo ğŸ’œ,2025-03-07T19:04:56,0,0
109,7479133653088406806,https://www.tiktok.com/@lancome.official/video/7479133653088406806,"IdÃ´le House made its way to MilanğŸ‡®ğŸ‡¹ Join us tomorrow, March 8th, from 10AM till 8PM to discover this...",https://m.tiktok.com/v/7479133653088406806.html?_d=0&comment_author_id=7009989467524072453&preview_pb=0&share_comment_id=7479135884520997654&share_item_id=7479133653088406806&sharer_language=en&source=h5_m&u_code=0,#Lancome|#IdoleHouse|#LancomeIT|#Italy|#Milan|#Popup|#Makeup|#FlutterExtension|#Mascara|#NewLaunch|#Event|#Beauty,108,livbedumb_livie,âœ§Liv_fanpageğŸ’œğŸ¤,NEVER SKIP A OLIVIA RODRIGO AND LANCOME ADDDğŸ’œâœ¨(CAN YOU TELL OLIVIA I SAY HI),2025-03-07T18:27:11,0,0
110,7479468494535413025,https://www.tiktok.com/@lancome.official/video/7479468494535413025,"LancÃ´me presents the #sisterhoodrelay. From one woman to another, LancÃ´me Ambassadors share the best...",https://m.tiktok.com/v/7479468494535413025.html?_d=0&comment_author_id=7331008436597654560&preview_pb=0&share_comment_id=7479496109791478550&share_item_id=7479468494535413025&sharer_language=en&source=h5_m&u_code=0,#sisterhoodrelay.|#InternationalWomensDay!|#IsabellaRossellini|#JoySunday|#NiNi|#HazalKaya|#GaiaGozzi|#VirginieEfira|#NazanEckes|#MILLI|#OksanaMasters|#NicoParker,33,carlotta4751,carlotta,Olivia ?,2025-03-08T17:45:07,0,0
111,7479802065980493078,https://www.tiktok.com/@lancome.official/video/7479802065980493078,No more extensions needed with the Lash Flutter Extension mascara ğŸ‘€ â€¨#Lancome #LancomeMakeup #Flutte...,https://m.tiktok.com/v/7479802065980493078.html?_d=0&comment_author_id=7471369257810920481&preview_pb=0&share_comment_id=7479827965804577559&share_item_id=7479802065980493078&sharer_language=en&source=h5_m&u_code=0,#Lancome|#LancomeMakeup|#FlutterExtension|#Mascara|#NewLaunch|#LongLashes|#LashGoals|#Makeup|#Makeuptok|#XXL|#BeautyTok|#Satisfying|#Essentials|#LashTrend,26,i.mi_young,i.mi_young,Lancome where are the samples attt,2025-03-09T15:12:51,0,0
112,7480131316659260694,https://www.tiktok.com/@lancome.official/video/7480131316659260694,The time that you realize you donâ€™t need fake lashes anymore...With the Lash IdÃ´le Flutter Extension...,https://m.tiktok.com/v/7480131316659260694.html?_d=0&comment_author_id=7385521333012431904&preview_pb=0&share_comment_id=7481273430755509014&share_item_id=7480131316659260694&sharer_language=en&source=h5_m&u_code=0,#Lancome|#LancomeMakeup|#FlutterExtension|#Mascara|#NewLaunch|#LongLashes|#LashGoals|#Makeup|#Makeuptok|#XXL|#BeautyTok|#Satisfying|#Essentials|#LashTrend,37,toby.wakey,Toby,Just saw your advert on the tv,2025-03-13T12:42:01,0,0
113,7481698722779532567,https://www.tiktok.com/@lancome.official/video/7481698722779532567,When your mascara has places to be and lashes to lift. Lash IdÃ´le Mascara will be on sale at @Ulta B...,https://m.tiktok.com/v/7481698722779532567.html?_d=0&comment_author_id=6668808624678846470&preview_pb=0&share_comment_id=7481707899950809899&share_item_id=7481698722779532567&sharer_language=en&source=h5_m&u_code=0,#21DaysofBeauty|#Lancome|#UltaBeauty|#LashIdole|#Mascara|#Makeup|#Beauty,86,ultabeauty,Ulta Beauty,getting enough to last us the rest of this year!,2025-03-14T16:48:19,0,2
114,7481727927508274454,https://www.tiktok.com/@lancome.official/video/7481727927508274454,"New on @Roblox!ğŸ’• A new limited-edition LancÃ´me UGC is coming soon to Roblox, featuring beautiful pin...",https://m.tiktok.com/v/7481727927508274454.html?_d=0&comment_author_id=7425761251810739206&preview_pb=0&share_comment_id=7482358412920488710&share_item_id=7481727927508274454&sharer_language=en&source=h5_m&u_code=0,#Lancome|#IdoleHouse|#Roblox|#RobloxTrends|#Gamers|#Gaming|#GamersofTikTok|#LancomexRoblox|#LancomeIdole|#JoinTheIdoles,125,elcompa_sergio123,el-compa-sergio300,lo mejor del juego es la pasarela la amo âœ¨â¤,2025-03-16T10:52:43,0,1
115,7481974064978955542,https://www.tiktok.com/@lancome.official/video/7481974064978955542,Some well-deserved rest after all that hard work ğŸ«¶ #Lancome #Genifique #GenifiqueUltimate #Serum #Sk...,https://m.tiktok.com/v/7481974064978955542.html?_d=0&comment_author_id=7126969584884188165&preview_pb=0&share_comment_id=7500528986360726327&share_item_id=7481974064978955542&sharer_language=en&source=h5_m&u_code=0,#Lancome|#Genifique|#GenifiqueUltimate|#Serum|#Skincare|#Skincaretiktok|#Skintok|#Relax|#Massage|#Glow|#GlowingSkin|#Spa,51,itz_a.livie,ğŸï¸Bia (LN4 version)ğŸï¸ğŸ’¨,Pls sent me a liv collabğŸ˜­ğŸ˜­,2025-05-04T11:04:01,0,0
116,7482345213780970774,https://www.tiktok.com/@lancome.official/video/7482345213780970774,"To sum it up: cute robots, beautiful scenery, amazing guests, plenty of rest, and the iconic GÃ©nifiq...",https://m.tiktok.com/v/7482345213780970774.html?_d=0&comment_author_id=6812242167873979397&preview_pb=0&share_comment_id=7482402084782064426&share_item_id=7482345213780970774&sharer_language=en&source=h5_m&u_code=0,#Lancome|#Genifique|#GenifiqueUltimate|#Serum|#Skincare|#Skincaretiktok|#Skintok|#Relax|#Retreat|#Massage|#Glow|#GlowingSkin|#Spa,58,l.fronczak,user2111174195819,Where is it.?,2025-03-16T13:42:15,0,0
117,7482810667293052182,https://www.tiktok.com/@lancome.official/video/7482810667293052182,,,,43,arod.princessvibes,Amanda Mendoza,Wow looks so smooth and clean ğŸ”¥,2025-03-25T05:18:31,0,0
118,7483088812868947222,https://www.tiktok.com/@lancome.official/video/7483088812868947222,Learn how to achieve the perfect foundation coverage that is crack-proof in the cold and melt-proof ...,https://m.tiktok.com/v/7483088812868947222.html?_d=0&comment_author_id=7171969371228390405&preview_pb=0&share_comment_id=7487774875312079621&share_item_id=7483088812868947222&sharer_language=en&source=h5_m&u_code=0,#Lancome|#TeintIdoleUltraWear|#Makeup|#Foundation|#MakeupTok|#BeautyTok|#Face|#Glow|#PerfectFoundation|#Tutorial|#MakeupLook|#MakeupTutorial,32,sosaelvis,elvis,los quiero..,2025-03-31T01:11:13,0,0
119,7483474805988150550,https://www.tiktok.com/@lancome.official/video/7483474805988150550,Time to postpone your lash extensions appointment with the Lash IdÃ´le Flutter Extension mascara ğŸ’â€â™€ï¸...,https://m.tiktok.com/v/7483474805988150550.html?_d=0&comment_author_id=7475453396595967008&preview_pb=0&share_comment_id=7483920181172667138&share_item_id=7483474805988150550&sharer_language=en&source=h5_m&u_code=0,#Lancome|#LancomeMakeup|#FlutterExtension|#Mascara|#NewLaunch|#LongLashes|#LashGoals|#Makeup|#Makeuptok|#XXL|#BeautyTok|#Satisfying|#Essentials|#LashTrend|#OverskinLipCheck,47,glamourrr18,DieshağŸ’—,How do I get this sampleğŸ‘€,2025-03-20T15:52:46,0,0
120,7483841782522907926,https://www.tiktok.com/@lancome.official/video/7483841782522907926,,,,22,shristioli7,Shristi oli,Wanna collab with you ğŸ˜ğŸŒ¸,2025-05-18T02:12:44,0,0
121,7484203293632236822,https://www.tiktok.com/@lancome.official/video/7484203293632236822,"Yup, cancelling everything for the sake of our skincare routines ğŸ’™ Featuring: @Vidya @AVA @MELINDA B...",https://m.tiktok.com/v/7484203293632236822.html?_d=0&comment_author_id=7402638189305562144&preview_pb=0&share_comment_id=7487995568984834838&share_item_id=7484203293632236822&sharer_language=en&source=h5_m&u_code=0,#Lancome|#Genifique|#GenifiqueUltimate|#Serum|#Skincare|#Skincaretiktok|#Skintok|#Relax|#Retreat|#Massage|#Glow|#GlowingSkin|#SkincareRoutine,24,pinkglitterart,maya,Literally me right nowğŸ’•,2025-03-31T15:27:17,0,0
122,7484550252322721046,https://www.tiktok.com/@lancome.official/video/7484550252322721046,Something colorful is coming soon... Stay Tuned ğŸ«¢ #Lancome #Blush #Colors #Springs #Makeup #BeautyTo...,https://m.tiktok.com/v/7484550252322721046.html?_d=0&comment_author_id=7144590416375989253&preview_pb=0&share_comment_id=7484557590476227350&share_item_id=7484550252322721046&sharer_language=en&source=h5_m&u_code=0,#Lancome|#Blush|#Colors|#Springs|#Makeup|#BeautyTok|#MakeupTok|#Pink|#Essentials|#MustHave|#MakeupEssentials|#Beauty|#Satisfying|#Blush|#RedBlush,56,floraszept11,floraszept11,so Olivia will step in the room soon?!ğŸ’œ,2025-03-22T09:06:10,0,0
123,7484571039024909600,https://www.tiktok.com/@lancome.official/video/7484571039024909600,Embrace your happiness with the new La vie est belle L'Elixir. Now available in a range of refillabl...,https://m.tiktok.com/v/7484571039024909600.html?_d=0&comment_author_id=6784851741868606469&preview_pb=0&share_comment_id=7503300720776069895&share_item_id=7484571039024909600&sharer_language=en&source=h5_m&u_code=0,#Lancome|#LancomexJulia|#JuliaRoberts|#Lavieestbelle|#Lavieestbellelelixir|#Fragrance|#Fragrancetiktok|#SmellGood|#Sustainability|#Refill|#Paris,99,lizkar88,Liz RuizğŸ’œâ™Œ,mujer bonita por siempre.ğŸ¥°,2025-05-11T22:19:34,0,0
124,7485304114348379414,https://www.tiktok.com/@lancome.official/video/7485304114348379414,"New season, new colors. LancÃ´meâ€™s newest Blush Subtil shades ğŸŒ¸Â  #Lancome #Blush #Colors #Springs #Ma...",https://m.tiktok.com/v/7485304114348379414.html?_d=0&comment_author_id=6885295434387293185&preview_pb=0&share_comment_id=7485721605198856968&share_item_id=7485304114348379414&sharer_language=en&source=h5_m&u_code=0,#Lancome|#Blush|#Colors|#Springs|#Makeup|#BeautyTok|#MakeupTok|#Pink|#Essentials|#MustHave|#MakeupEssentials|#Beauty|#Satisfying|#Swatches|#RedBlush|#Blushhack,74,cute_clar_clar,Clarissa â€¢ Beauty â€¢ Lifestyle,The pigment though ğŸ˜,2025-03-25T12:23:28,0,0
125,7485680801116359958,https://www.tiktok.com/@lancome.official/video/7485680801116359958,...and itâ€™s giving springâ€™s colorsğŸŒ¸ #Lancome #Blush #Colors #Springs #Makeup #BeautyTok #MakeupTok #...,https://m.tiktok.com/v/7485680801116359958.html?_d=0&comment_author_id=7347171804659647493&preview_pb=0&share_comment_id=7485922287834022662&share_item_id=7485680801116359958&sharer_language=en&source=h5_m&u_code=0,#Lancome|#Blush|#Colors|#Springs|#Makeup|#BeautyTok|#MakeupTok|#Pink|#Essentials|#MustHave|#MakeupEssentials|#Beauty|#Satisfying,90,officiallymitchells,MRSMITCHELL,Damnnnnn okayyy the berry bisouuuuuğŸ‘€,2025-03-26T01:22:11,0,1
126,7486150430641130774,https://www.tiktok.com/@lancome.official/video/7486150430641130774,A little wand and a lot of flutter with Lash IdÃ´le Flutter Extension Mascara. #KathyHilton #LancomeP...,https://m.tiktok.com/v/7486150430641130774.html?_d=0&comment_author_id=6871775927912875013&preview_pb=0&share_comment_id=7491785754453738271&share_item_id=7486150430641130774&sharer_language=en&source=h5_m&u_code=0,#KathyHilton|#LancomePartner|#LancomeMakeup|#FlutterExtension|#Mascara|#Makeup|#Makeuptiktok|#Beauty,34,sambeatty3,Sam Beatty,When can we get a brown waterproof mascara?!,2025-04-10T21:35:22,0,0
127,7486471870435364118,https://www.tiktok.com/@lancome.official/video/7486471870435364118,Girl trick #3293 unlocked ğŸ¤­ğŸ’– ft. @Paola Alberdi  #Lancome #PaolaAlberdi #CafeDeLaRose #FlagshipStore...,https://m.tiktok.com/v/7486471870435364118.html?_d=0&comment_author_id=6714338067769164805&preview_pb=0&share_comment_id=7496988362462921489&share_item_id=7486471870435364118&sharer_language=en&source=h5_m&u_code=0,#3293|#Lancome|#PaolaAlberdi|#CafeDeLaRose|#FlagshipStore|#France|#Coffee|#Pastry|#Yummy|#lipstick,28,valtrevinot,Valentina TreviÃ±o Tr,MÃ¡ster!,2025-04-24T22:04:58,0,0
128,7486886313313013014,https://www.tiktok.com/@lancome.official/video/7486886313313013014,And itâ€™s as delicious as it sounds!ğŸŒ¸ @Loreto  #Lancome #LoretoPeralta #CafeDeLaRose #FlagshipStore #...,https://m.tiktok.com/v/7486886313313013014.html?_d=0&comment_author_id=7049785615663973382&preview_pb=0&share_comment_id=7488147649980777271&share_item_id=7486886313313013014&sharer_language=en&source=h5_m&u_code=0,#Lancome|#LoretoPeralta|#CafeDeLaRose|#FlagshipStore|#France|#Coffee|#Pastry|#Yummy,38,andrea_garcia.ss,andrea,loreto eres perfecta,2025-04-01T01:17:46,0,0
129,7487170132884720918,https://www.tiktok.com/@lancome.official/video/7487170132884720918,@nicoletaveras knows best when it comes to applying the GÃ©nifique Ultimate serum ğŸ’â€â™€ï¸ #Lancome #Geni...,https://m.tiktok.com/v/7487170132884720918.html?_d=0&comment_author_id=7192003863294444590&preview_pb=0&share_comment_id=7539619393052820255&share_item_id=7487170132884720918&sharer_language=en&source=h5_m&u_code=0,#Lancome|#GenifiqueUltimate|#Genifique|#Serum|#BeautyTok|#MakeupTok|#Face|#Skincare|#Skin|#Skintok|#SkincareRoutine|#Beauty,30,user86060239153915,Carmencita,Chefs kiss skincare ğŸ˜˜,2025-08-17T19:14:25,0,0
130,7487901527709977878,https://www.tiktok.com/@lancome.official/video/7487901527709977878,@Loreto enjoys her pampering session at the heart of the LancÃ´me flagship store in #ParisğŸ«¶ #Lancome ...,https://m.tiktok.com/v/7487901527709977878.html?_d=0&comment_author_id=7171923855014757382&preview_pb=0&share_comment_id=7488236415303795461&share_item_id=7487901527709977878&sharer_language=en&source=h5_m&u_code=0,#ParisğŸ«¶|#Lancome|#LoretoPeralta|#FlagshipStore|#France|#Spa|#LancomeSpa|#Relaxation|#Relax|#Beauty|#Massage|#Facial|#FacialTreatment|#FeelGood,101,username_idkkk0,ğŸ‘¤ğŸ‘¤,A esa perfecciÃ³n se quiere parecer dafnne ğŸ˜‚,2025-04-01T07:02:53,0,150
131,7488650388405734678,https://www.tiktok.com/@lancome.official/video/7488650388405734678,Glass skin secret unlocked: Hydra Zen Gel CreamğŸ’• @Guille Regne  #Lancome #GuilleRegne #HydraZen #Gla...,https://m.tiktok.com/v/7488650388405734678.html?_d=0&comment_author_id=6974442295529980933&preview_pb=0&share_comment_id=7494291079400145694&share_item_id=7488650388405734678&sharer_language=en&source=h5_m&u_code=0,#Lancome|#GuilleRegne|#HydraZen|#GlassSkin|#Skincare|#Skintok|#Skincareroutine|#Moisturizer|#GelCream,33,40plusjoy,Sarah | 40plusjoy,"This line really made a difference with my dry winter skin this year. The crÃ¨me-mousse cleanser, the pink hydrating toner lotion, and this gel-cream. Love it so much. ğŸ’•",2025-04-17T15:37:21,0,0
132,7488733265222798614,https://www.tiktok.com/@lancome.official/video/7488733265222798614,"IdÃ´le House made it to Buenos Aires, Argentina! Make sure to stop by before April 6th, and step with...",https://m.tiktok.com/v/7488733265222798614.html?_d=0&comment_author_id=6770474892875498501&preview_pb=0&share_comment_id=7489126650141721362&share_item_id=7488733265222798614&sharer_language=en&source=h5_m&u_code=0,#Lancome|#DelfinaAused|#IdoleHouse|#Pink|#Beauty|#Event|#BeautyTok|#MakeupTok|#Skincare|#Fragrance|#Makeup|#Skincareroutine|#Argentina|#PopUp,95,delfiausedv,Delfi Aused,Lancome ARGENTINA AMORCH ğŸ©·ğŸª„â­ï¸,2025-04-03T16:36:33,0,2
133,7489491770078678294,https://www.tiktok.com/@lancome.official/video/7489491770078678294,Step in LancÃ´meâ€™s Skin Science Club and get ready to discover skincare like never before! Weâ€™re wait...,https://m.tiktok.com/v/7489491770078678294.html?_d=0&comment_author_id=7374047156704035872&preview_pb=0&share_comment_id=7489629647279375126&share_item_id=7489491770078678294&sharer_language=en&source=h5_m&u_code=0,#Lancome|#SkinScienceClub|#Skincare|#BeautyTech|#Skincareroutine|#SkinAnalysis|#Popupstore|#Beauty|#Skintok|#Paris|#Popup|#popupparis,26,sssssseeeeme,SğŸ€,whoever can buy this. jealousy jealousy is following meğŸ’œ,2025-04-05T01:09:18,0,0
134,7489750529057361185,https://www.tiktok.com/@lancome.official/video/7489750529057361185,Time for a retinol revolution with the new RÃ©nergie C.R.x. Triple Serum Retinol âœ¨ So gentle it's eve...,https://m.tiktok.com/v/7489750529057361185.html?_d=0&comment_author_id=7006130334312399877&preview_pb=0&share_comment_id=7505454706560303902&share_item_id=7489750529057361185&sharer_language=en&source=h5_m&u_code=0,#Lancome|#Renergie|#CRXTripleSerumRetinol|#Skincare|#Tutorial|#HowTo|#SkincareRoutine|#Skintok|#Retinol,47,michelleandbaz,Michelle and Baz,Sample,2025-05-17T17:37:50,0,0
135,7490121607671844129,https://www.tiktok.com/@lancome.official/video/7490121607671844129,Start a complete retinol protocol. Full spectrum resurfacing and protection with the new RÃ©nergie C....,https://m.tiktok.com/v/7490121607671844129.html?_d=0&comment_author_id=6736266825582429190&preview_pb=0&share_comment_id=7492591851394007830&share_item_id=7490121607671844129&sharer_language=en&source=h5_m&u_code=0,#Lancome|#Renergie|#CRXTripleSerumRetinol|#UVMUNE|#Skincare|#Tutorial|#HowTo|#SkincareRoutine|#Skintok|#Retinol,118,melmartindale,Mel,Sample tok,2025-04-13T01:43:47,0,0
136,7490491673118559510,https://www.tiktok.com/@lancome.official/video/7490491673118559510,Tell us about it... We always get stuck in traffic tooğŸ˜Œ @Paola Alberdi  #Lancome #PaolaAlberdi #Flag...,https://m.tiktok.com/v/7490491673118559510.html?_d=0&comment_author_id=6714338067769164805&preview_pb=0&share_comment_id=7491926289643143991&share_item_id=7490491673118559510&sharer_language=en&source=h5_m&u_code=0,#Lancome|#PaolaAlberdi|#FlagshipStore|#France|#Makeup|#Skincare|#Fragrance|#Makeuptiktok|#Makeuptok|#Skintok|#Fragrancetiktok|#SmellGood|#FeelGood|#Beauty,26,valtrevinot,Valentina TreviÃ±o Tr,Loooove it!!,2025-04-11T06:41:38,0,0
137,7490868121759272214,https://www.tiktok.com/@lancome.official/video/7490868121759272214,All we need is GÃ©nifique Ultimate in our skincare routine! @Claudia â˜ï¸ğŸªğŸ§  #Lancome #GenifiqueUltimat...,https://m.tiktok.com/v/7490868121759272214.html?_d=0&comment_author_id=6764621889811563526&preview_pb=0&share_comment_id=7491721920228885279&share_item_id=7490868121759272214&sharer_language=en&source=h5_m&u_code=0,#Lancome|#GenifiqueUltimate|#Genifique|#Serum|#BeautyTok|#MakeupTok|#Face|#Skincare|#Skin|#Skintok|#SkincareRoutine|#Beauty,47,iamdominicfranco,Dominique,"The packing, the product, the creator ğŸ˜ğŸ˜âœ¨âœ¨âœ¨",2025-04-10T17:27:40,0,0
138,7491287626192833814,https://www.tiktok.com/@lancome.official/video/7491287626192833814,"Join us to discover the Skin Science Club in Madrid! Get a free skin diagnosis, discover your person...",https://m.tiktok.com/v/7491287626192833814.html?_d=0&comment_author_id=7499208324237411350&preview_pb=0&share_comment_id=7499905451824431894&share_item_id=7491287626192833814&sharer_language=en&source=h5_m&u_code=0,#Lancome|#SkinScienceClub|#Skincare|#BeautyTech|#Skincareroutine|#SkinAnalysis|#Popupstore|#Beauty|#Skintok|#Madrid,36,luvellso,ğ’†ğ’ğ’ğ’‚ ğŸ¤ (ğ™¨ğ™¥ğ™ğ™¡ğ™¡ğ™šğ™™),IS THAT AN ICONIC QUEEN IN THE BACK? ğŸ’œ,2025-05-02T18:43:40,0,0
139,7491366550302100758,https://www.tiktok.com/@lancome.official/video/7491366550302100758,First visit at the Flagship store in Paris for @ltorresbeauty! Join him to discover every beauty spa...,https://m.tiktok.com/v/7491366550302100758.html?_d=0&comment_author_id=6756832169752691718&preview_pb=0&share_comment_id=7491368308638810935&share_item_id=7491366550302100758&sharer_language=en&source=h5_m&u_code=0,#Lancome|#LuisTorres|#FlagshipStore|#Paris|#Makeup|#Skincare|#Fragrance|#Makeuptok|#Skintok,377,ltorresbeauty,ltorresbeauty,Ahhhhh!!!! ğŸ˜ğŸ˜ğŸ˜ğŸ˜ğŸ˜ğŸ˜ğŸ˜ğŸ˜ğŸ˜ğŸ˜ğŸ˜ğŸ˜,2025-04-09T18:35:29,0,16
140,7491695458419625238,https://www.tiktok.com/@lancome.official/video/7491695458419625238,Need: Makeup therapy with your besties ğŸ’‹ @ltorresbeauty @Paola Alberdi  @Pau Florencia  #Lancome #Pa...,https://m.tiktok.com/v/7491695458419625238.html?_d=0&comment_author_id=6800178413338133509&preview_pb=0&share_comment_id=7492085083123745541&share_item_id=7491695458419625238&sharer_language=en&source=h5_m&u_code=0,#Lancome|#PaolaAlberdi|#LuisTorres|#PauFlorencia|#FlagshipStore|#France|#Makeup|#Skincare|#Fragrance|#Makeuptiktok|#Makeuptok|#Skintok|#Fragrancetiktok|#SmellGood|#FeelGood|#Beauty,55,pennybecerra,Penny Becerra,ğŸ˜ Tan guapo Luis Torres!!!ğŸ˜,2025-04-11T16:57:08,0,1
141,7492044541122317590,https://www.tiktok.com/@lancome.official/video/7492044541122317590,An OG for a reason #JuicyTubes ğŸ’– @Loreto  #Lancome #LoretoPeralta #FlagshipStore #France #Lipgloss #...,https://m.tiktok.com/v/7492044541122317590.html?_d=0&comment_author_id=6920567612762096645&preview_pb=0&share_comment_id=7493160771825877815&share_item_id=7492044541122317590&sharer_language=en&source=h5_m&u_code=0,#JuicyTubes|#Lancome|#LoretoPeralta|#FlagshipStore|#France|#Lipgloss|#JuicyLip|#Makeup|#Makeuptiktok|#Makeuptok|#Glossy|#Beauty,32,eyeboogerpie,eyeboogerpie,she's so pretty!,2025-04-14T14:31:24,0,1
142,7492071524975906070,https://www.tiktok.com/@lancome.official/video/7492071524975906070,"A free personalized skin diagnosis, free goodies and beauty advice? This is the Skin Science Club in...",https://m.tiktok.com/v/7492071524975906070.html?_d=0&comment_author_id=7395186983230129185&preview_pb=0&share_comment_id=7499539140972118786&share_item_id=7492071524975906070&sharer_language=en&source=h5_m&u_code=0,#Lancome|#SkinScienceClub|#Skincare|#BeautyTech|#Skincareroutine|#SkinAnalysis|#Popupstore|#Beauty|#Skintok|#Paris,23,sophiemarieaudhd,sophiemarieaudhd,Can you pls bring back visionnaire,2025-05-01T19:02:11,0,0
143,7492113107813174550,https://www.tiktok.com/@lancome.official/video/7492113107813174550,"An intimate evening in NYC spent celebrating the creators who inspire us daily. Hereâ€™s to community,...",https://m.tiktok.com/v/7492113107813174550.html?_d=0&comment_author_id=6945945001289417734&preview_pb=0&share_comment_id=7492135396393435950&share_item_id=7492113107813174550&sharer_language=en&source=h5_m&u_code=0,#Lancome|#Lancomemakeup|#makeup|#makeuptiktok|#beauty,35,plansandplanes,On Sabbatical | tee symone,Love me some Brittany! Love to see her shining!!!,2025-04-11T20:12:18,0,2
144,7492350926783532310,https://www.tiktok.com/@lancome.official/video/7492350926783532310,"We take our makeup drawers very, VERY seriously ğŸ˜Œ #Lancome #Makeup #Makeuptiktok #Makeuptok #Satisfy...",https://m.tiktok.com/v/7492350926783532310.html?_d=0&comment_author_id=6625814455996956678&preview_pb=0&share_comment_id=7505586974185587502&share_item_id=7492350926783532310&sharer_language=en&source=h5_m&u_code=0,#Lancome|#Makeup|#Makeuptiktok|#Makeuptok|#Satisfying|#Foundation|#Lipstick|#Mascara|#Fragrance|#Mini|#MustHave|#MakeupDrawer|#MakeupCollection|#Beauty,55,shristioli7,Shristi oli,Awww so nice â¤ï¸â¤ï¸,2025-05-18T02:11:18,0,0
145,7492723592233307414,https://www.tiktok.com/@lancome.official/video/7492723592233307414,We don't gatekeep over here ğŸ¤­                                                        #Lancome #Makeu...,https://m.tiktok.com/v/7492723592233307414.html?_d=0&comment_author_id=7222268890884588550&preview_pb=0&share_comment_id=7492724643566109456&share_item_id=7492723592233307414&sharer_language=en&source=h5_m&u_code=0,#Lancome|#Makeup|#Makeuptiktok|#Makeuptok|#Foundation|#SettingSpray|#MustHave|#MakeupBag|#Essentials|#Beauty|#BeautyEssentials,61,travelwithsana9,Travel with Sana ğŸ‡¹ğŸ‡·,my favourite make up brand now â¤,2025-04-13T10:18:58,0,2
146,7493205216028904726,https://www.tiktok.com/@lancome.official/video/7493205216028904726,Did someone say CHARMS?ğŸ˜ On our Juicy Tubes?! Brb heading to Paris for this! #Lancome #LancomeFlagsh...,https://m.tiktok.com/v/7493205216028904726.html?_d=0&comment_author_id=6726908836046963717&preview_pb=0&share_comment_id=7493540628137116459&share_item_id=7493205216028904726&sharer_language=en&source=h5_m&u_code=0,#Lancome|#LancomeFlagship|#Personalization|#Charms|#MakeupCharm|#JuicyTubes|#Lipgloss|#Lipstick|#Makeup|#Makeuptiktok|#Makeuptok|#Satisfying|#MustHave|#Beauty,42,beautywithbetsy,Betsy H,Omg A DREAM!!!! This was my first luxury beauty purchase when I was a pre teen ğŸ’•,2025-04-15T15:05:36,0,1
147,7493832782867680534,https://www.tiktok.com/@lancome.official/video/7493832782867680534,"Grab a friend and head to the Paris Skin Science Club popup!ğŸ’œ ğŸ“52 Av. des Champs-Ã‰lysÃ©es, 75008 Pari...",https://m.tiktok.com/v/7493832782867680534.html?_d=0&comment_author_id=7070133225112929281&preview_pb=0&share_comment_id=7494179730402788118&share_item_id=7493832782867680534&sharer_language=en&source=h5_m&u_code=0,#Lancome|#SkinScienceClub|#Skincare|#BeautyTech|#Skincareroutine|#SkinAnalysis|#Popupstore|#Beauty|#Skintok|#Paris,44,mayia9504,JustAGirl,Crying in Cyprus ğŸ¥º,2025-04-17T08:25:07,0,0
148,7494209964987239702,https://www.tiktok.com/@lancome.official/video/7494209964987239702,"Come over and try your luck! ğŸ’œ ğŸ“52 Av. des Champs-Ã‰lysÃ©es, 75008 Paris April 1st - April 30thâ€¨Monday...",https://m.tiktok.com/v/7494209964987239702.html?_d=0&comment_author_id=7212750888712504326&preview_pb=0&share_comment_id=7496168932215997206&share_item_id=7494209964987239702&sharer_language=en&source=h5_m&u_code=0,#Lancome|#SkinScienceClub|#Skincare|#BeautyTech|#Skincareroutine|#SkinAnalysis|#Popupstore|#Beauty|#Skintok|#Paris,25,lifeofmrstlm2013,lifeofmrstlm2013,need this in Wales please ğŸ¥°,2025-04-22T17:04:06,0,0
149,7494671700060146966,https://www.tiktok.com/@lancome.official/video/7494671700060146966,Expert mode on ğŸ§ª A popup store made for all skincare lovers in Paris. Join us! @SUPERBOUMJ  ğŸ“52 Av. ...,https://m.tiktok.com/v/7494671700060146966.html?_d=0&comment_author_id=7308402601576645665&preview_pb=0&share_comment_id=7494765662549426966&share_item_id=7494671700060146966&sharer_language=en&source=h5_m&u_code=0,#Lancome|#SkinScienceClub|#Skincare|#BeautyTech|#Skincareroutine|#SkinAnalysis|#Popupstore|#Beauty|#Skintok|#Paris,11,eoghan.timmins,Eoghan Timmins,can you say hi to olivia for me,2025-04-18T22:18:41,0,0
150,7494961227173596438,https://www.tiktok.com/@lancome.official/video/7494961227173596438,You can never go wrong with a touch of pink ğŸ’– #Lancome #JuicyTubes #Lipgloss #Lipstick #Makeup #Make...,https://m.tiktok.com/v/7494961227173596438.html?_d=0&comment_author_id=7307346557395878942&preview_pb=0&share_comment_id=7496372690560647966&share_item_id=7494961227173596438&sharer_language=en&source=h5_m&u_code=0,#Lancome|#JuicyTubes|#Lipgloss|#Lipstick|#Makeup|#Makeuptiktok|#Makeuptok|#Satisfying|#MustHave|#Beauty,91,irockprestige,irockprestige,My lips getting uncracked just looking at these,2025-04-23T06:15:18,0,1
